Egg Raw;0;125;312;100;0;13;0
Egg Boiled;0.8;142;360;100;0;13;0
Onion Raw;1.5;151;40;4;0;1.5;1.3
Onion Boiled x2;0.7;106;40;3;0;0.9;0.7
Tomato Raw;1.9;256;26;10;0;0.9;1.9
Pepper Green Long Raw;6.3;213;22;13;0;1;0
Pepper Green Long Boiled x2;6.3;150;22;13;0;1;0
Pepper Capia Green Raw;3;200;30;5;0;1;2
Pepper Capia Green Boiled x2;3;140;30;5;0;1;2
Tomato Paste TAT;25;1000;70;400;1;5.9;20.3
Potato Raw;16.4;426;51;1;0;2.3;0.7
Potato Boiled x2;16.4;299;51;1;0;2.3;0.7
Zucchini Raw;1.8;205;31;3;0;1.2;1.7
Rice(Rijst. parboiled gekookt);28;56;55;2;0;2.8;0.1
Broccoli Raw;2;340;67;12;0;3;2
Broccoli Boiled x2;2;238;67;12;0;3;2
Cauli Raw;2;349;30;10;0;2;2
Cauli Boiled x1;2;297;30;10;0;2;2
Cauli Boiled x2;2;245;30;10;0;2;2
Carrot Raw;6.7;233;36;38;0;0.4;6.5
Carrot Boiled x1;6.7;198;36;38;0;0.4;6.5
Carrot Boiled x2;6.7;163;36;38;0;0.4;6.5
Aubergine Raw;3;200;12;10;0;1;3
Aubergine Boiled x2;3;140;12;10;0;1;3
Kiwi;14.7;301;34;2;0;1.2;8.8
Orange;8.5;202;20;1;0;1.1;8.5
Mandarin;9.5;134;18;2;0;0.9;9.5
Su;0;0;0;0;0;0;0
Grape White with Skin;13.8;179;21;1;0;5;13.3
Cherry Tomatoes Raw;5;369;35;4;0;14;45
Delhaize Gluten Free Bread Estimated Values;46;74;63;400;1;39;3
Minced Meat Roasted;6;349;298;500;0;14;2
Minced Meat Roasted Boiled x2;6;244;298;400;0;14;2
Spinach;0;474;30;14;0;2;0
Corn Flour	;75.5;120;99;1;0;6.8;0
Alpro Soya drink unsweetened;0;223;110;12;0;3.3;0
Alpro Soya Yoghurt Nature Unsweetened;0.2;70;15;100;0;4;0
Cheese, goat cheese Crementell;1;175;141;466;0;17;1
Butter, unsalted;0.5;21;21;3;0;0.7;0.5
Pasta D'oro Gluten Free ;79;100;99;1;0;5.5;1
Dill;0;738;66;61;0;3.46;0
Plum, blue with skin;9.9;196;22;0;0;0.6;9.4
Bilberry;6;80;15;1;0;1;6
Pear with skin;9.2;121;13;1;0;0.7;8.7
cucumber;0;124;24;5;0;0.8;1.2
lettuce;0;293;40;15;0;1.3;0
Zucchini courgette kabak;1.8;205;31;3;0;1.2;1.7
asparagus;3;200;60;1;0;1;1
Cheese Boursin;2;100;98;590;1.2;8.5;2.3
eggs white raw;0.4;142;12;159;0;10.5;0.4
buckwheat flour;72;200;150;2;0;10;1
salt;0;0;0;40000;100;0;0
black olive pitted estimated;0;8;4;400;1;0;0
corn raw estimated;12;250;90;105;0.26;0;7.2
corn boiled x2 estimated;12;175;90;105;0.26;0;7.2
amisa buckwheat crispbread estimated;68.2;190;142.5;481.9;1.2;10.8;1.3
salmon raw;0;374;211;34;0;18;0
Apricot, dried;53.8;1162;71;10;0;3.4;53.4
Apricot, dried, boiled x1;53.8;988;71;10;0;3.4;53.4
garlic raw;28;620;134;4;0;6;22
garlic boiled x2;28;434;134;4;0;6;22
room/creme/krema %35 yagli;3.1;118;54;32;0;2.3;3.1
mushroom white raw;0.4;320;80;5;0;2.3;0.2
peas raw;10;300;80;10;0;4;1
rice flour;80;76;98;0;0;6;0.1
brown rice flour;76.48;289;337;8;0;7.23;0
Dodoni Feta (fosfor estimated);0;277;337;1010;2.5;17;0
Chestnut Flour/Kestane Unu (https://sante.journaldesfemmes.fr/calories/farine-de-chataigne/aliment-9570);64.8;847;164;11;0;5.8;0
Cereal GlutenFree Cracker Chestnut&Rice(estimated);85;372;269;152;0.38;6.9;7.3
okra bamya raw;8;300;60;2;0;2.2;2.5
suntat konserve bamya(K, Ph, estimated);2.4;300;60;440;1.1;1.5;0.9
parsley fresh;1;700;30;25;0;4;0
mozzarella(internubel);1;59;239;200;0;19.5;1
mozzarella Galbani (potasyum fosfor estimated);2;59;239;280;0.7;17;1
Turkey breast - Weight Watchers - Imperial Meat Products;0.9;0;0;1030;0;20.7;0.9
green olive pitted estimated;0;42;4;400;1;0;0
Steak tartare. prepared. marino - Delhaize - Delhaize groupe;1.7;0;0;520;0;16;0.8
Ham. Cobourg 150g - Carrefour Discount - Carrefour Belgium;1;0;0;2000;0;24;1
Salami. delicatessen - Saint Alby - Lidl Belgium GmbH;0.2;0;0;1300;0;18.1;0.2
Sausage. Gaumais - Carrefour - Carrefour Belgium;0.7;0;0;1200;0;20;0.5
Ham. Mangalica - Delhaize - Taste of Inspirations - Delhaize groupe;1;0;0;1920;0;32;1
Ham. cooked 4 slices -25% salt - Carrefour - Carrefour Belgium;0.8;0;0;640;0;20.9;0.8
Ham. cooked. Prosciutto arrosto Alle erbe sliced - Delhaize - Delhaize groupe;0.9;0;0;650;0;19.8;0.9
Mortadella Bologna IGP sliced - Delhaize - Delhaize groupe;1.5;0;0;510;0;14.7;1.5
Sausage. bistro time - Bistro - Imperial Meat Products;0.4;0;0;1888;0;29;0.4
Ham. ham Meesterlijcke - Carrefour - Carrefour Belgium;1.1;0;0;808;0;21.2;1.1
Salami. salami with garlic farmers - Saint Alby - Lidl Belgium GmbH;0.3;0;0;1600;0;22;0.2
Ham. cooked ham 220g - Aoste Authentique - Imperial Meat Products;0.7;0;0;747;0;22;0.7
Ham. Authentique nature - Herta - Nestlé Belgilux S.A.;0.5;0;0;760;0;20;0.5
Salami. Ardennes 100g - Marcassou - Champlon Salaison S.A.;0.2;0;0;1593;0;24;0.2
Ham baked in oven - Aubel - Detry S.A.;0.3;0;19;500;0;21.5;0.3
Meatloaf. fine grain;0;0;0;0;0;15.3;0
Chicken breast on the spit - Herta - Nestlé Belgilux S.A.;0.7;0;0;760;0;22;0.7
Bacon. nature diced bacon - Herta - Nestlé Belgilux S.A.;0.4;0;0;880;0;17;0.4
Américain. prepared by chef bruschetta - Carrefour - Carrefour Belgium;3.8;0;0;520;0;16;1.6
Ham. Black Woudham 200g - Carrefour Discount - Carrefour Belgium;1;0;0;2000;0;24;1
Pâté. crème - Delhaize - Delhaize groupe;2.5;0;0;1200;0;15.5;1
Sausage. Aperitivo 250g - Marcassou - Champlon Salaison S.A.;0.2;0;0;1574;0;28;0.2
Ham. superieur -25% salt - Herta - Nestlé Belgilux S.A.;0.5;0;0;560;0;20;0.5
Deer salami - Carrefour - Carrefour Belgium;0.9;0;0;1440;0;21.5;0.3
Pâté crème block - Delhaize - Delhaize groupe;3.2;0;0;790;0;11.5;3.2
Corned-beef. canned;3.5;266;118;715;0;20.2;0.2
Filet de Saxe - 100g - Carrefour - Carrefour Belgium;0.9;0;0;1250;0;22.4;0.9
Pork hamburger of Antanbleu meadow 1560g - Carrefour - Carrefour Belgium;0.3;0;0;520;0;19;0.2
Horsemeat in slices - Delhaize - Delhaize groupe;2;0;0;1300;0;23;1.6
Luncheon sausage 100g - Carrefour - Carrefour Belgium;3.1;0;0;650;0;12;1.5
Meatloaf 6 slices 150g - Carrefour - Carrefour Belgium;5.3;0;0;720;0;14;0.5
Sausage. Salame Abruzzese - Delhaize - Delhaize groupe;0.3;0;0;1560;0;29.7;0.3
Bacon cubes. salted - Delhaize - 365 - Delhaize groupe;0.6;0;0;1600;0;16.9;0.6
Bacon. ham bacon - Delhaize - Delhaize groupe;5;0;0;1160;0;21.2;0.2
Bacon smoked breakfast - Carrefour - Carrefour Belgium;0.9;0;0;1200;0;16.8;0.8
Bacon. bacon breakfast smoked - Dulano - Lidl Belgium GmbH;1;0;0;800;0;17;1
Ardennes sausage bio - Carrefour BIO - Carrefour Belgium;0.5;0;0;1488;0;18;0.5
Bacon in cubes Wellness - Aubel - Detry S.A.;0.5;0;0;1200;0;15.6;0
Natural chicken breast - Carrefour - Carrefour Belgium;1.5;0;0;720;0;19;1.1
Spread. chicken salad with crispy bacon - Delhaize - Delhaize groupe;6.1;0;0;1100;0;13.4;0.6
Chicken sausage - Weight Watchers - Imperial Meat Products;3.6;0;0;737;0;11;1.7
Ham. cooked. Prosciutto cotto sliced - Delhaize - Delhaize groupe;0.9;0;0;650;0;19.8;0.9
Head cheese in tomato sauce. piece - Delhaize - Delhaize groupe;3;0;0;710;0;13.8;1
Bacon. smoked bacon slices 150g - Carrefour - Carrefour Belgium;0.5;0;0;1400;0;16;0.5
Pate. cream pate - 1 piece - Carrefour - Carrefour Belgium;2.7;0;0;751;0;12;2
Pate. oven baked in slices - Carrefour - Carrefour Belgium;3.6;0;0;660;0;14;2.4
Minced chicken - Carrefour BIO - Carrefour Belgium;0.7;0;0;393;0;18.9;0.7
Ham with asparagus - Carrefour - Carrefour Belgium;0.2;0;0;750;0;18.9;0.2
Gouda and salami. aperitif cubes. mustard sauce - Carrefour - Carrefour Belgium;1.4;0;0;1262;0;20.8;0.6
Sausage. cheese samba - Carrefour - Carrefour Belgium;2.5;0;0;833;0;16.4;0.7
Ham. Filet d'Ardenne 100g - Marcassou - Champlon Salaison S.A.;0.9;0;0;1778;0;28;0.9
Turkey filet sliced 365 - Delhaize - 365 - Delhaize groupe;1.5;0;0;840;0;21;1
Chicken fillet with chives in slices - Delhaize - Delhaize groupe;1.2;0;0;1120;0;18.9;0.8
Veal olives;0;314;183;499;0;17.9;0
Mini-salami sticks 100g - Carrefour Discount - Carrefour Belgium;3.7;0;0;1720;0;27;2.8
Sausages. Frankfort - Delhaize - Delhaize groupe;0.4;0;0;790;0;13.8;0.4
Bacon. salted bacon thickly sliced - Dulano - Lidl Belgium GmbH;0.5;0;0;1520;0;21;0.5
Filet d'Anvers 120g - Carrefour - Carrefour Belgium;0.6;0;0;1300;0;23;0.6
Christmas ham - Carrefour Filière qualité - Carrefour Belgium;1;0;0;781;0;20;1
Salami finbec without garlic - Delhaize - Delhaize groupe;0.1;0;0;1270;0;18.7;0.1
Chicken breast. curry madras. sliced - Delhaize - Delhaize groupe;1;0;0;1120;0;19.4;1
Knuckle of ham - Souvenir du Terroir - Carrefour Belgium;0;0;0;750;0;21;0
Meatloaf 100g - Aoste Authentique - Imperial Meat Products;5;0;0;845;0;17;1.5
Ham. barbecue ham 250g - Delhaize - Delhaize groupe;0.5;0;0;600;0;21.6;0.5
Paté. farm house 150g - Aoste Authentique - Imperial Meat Products;1;0;0;708;0;15;1
Pate. crèmepaté 120g - Weight Watchers - Imperial Meat Products;4.5;0;0;910;0;12;3
Salami. pepper - Herta - Nestlé Belgilux S.A.;0.2;0;0;1600;0;23.1;0.2
Ham. Marcassin - Delhaize - Taste of Inspirations - Delhaize groupe;0.6;0;0;2100;0;29.5;0.4
Salami. turkey dindo - Imperial - Imperial Meat Products;0.2;0;0;1689;0;22.3;0.2
Salami. turkey dindo - Imperial - Imperial Meat Products;0.2;0;0;1689;0;22.3;0.2
Ham. ham Masterly defatted - Ancienne Belgique - Lidl Belgium GmbH;0.7;0;0;750;0;20.6;0.7
Knacki Chicken - Herta - Nestlé Belgilux S.A.;1.5;0;0;720;0;14;1.5
Chopped steak - Kwaliteitsketen Carrefour - Carrefour Belgium;1.4;0;0;329;0;18.3;0.4
Salami. pure pig 125g - Carrefour - Carrefour Belgium;1.6;0;0;1640;0;23;1.2
Ham. prosciutto di parma - Carrefour - Carrefour Belgium;0.3;0;0;1840;0;27;0
cream pâté 150g - Carrefour - Carrefour Belgium;5.3;0;0;752;0;9;2.2
Salami. salami Ardenne - Ancienne Belgique - Lidl Belgium GmbH;0.3;0;0;1800;0;23;0.2
Veal sausage in slices n°47 - Delhaize - Delhaize groupe;2;0;0;800;0;11;1
Poultry. aspic - Aubel - Detry S.A.;0.1;0;10;340;0;21.5;0
Filet de Saxe in slices - Delhaize - Delhaize groupe;2.3;0;0;1510;0;27.3;2.3
Filet de saxe without rind - Delhaize - Delhaize groupe;0.6;0;0;2000;0;24;0.6
Frankfurt sausages - Carrefour - Carrefour Belgium;1.2;0;0;720;0;12;0.5
Ham. serrano 160g - Carrefour - Carrefour Belgium;0.9;0;0;1800;0;30;0.5
Pâté country style - Delhaize - Delhaize groupe;1;0;0;1200;0;17.5;1
Salami. sticks. spicy - Carrefour - Carrefour Belgium;1.8;0;0;2000;0;36;0.8
Meatloaf with apricots - Carrefour - Carrefour Belgium;6.6;0;0;810;0;15;5
Ham. Superior with rind - Herta - Nestlé Belgilux S.A.;0.5;0;0;740;0;20;0.5
Smokes bacon. organic - Carrefour BIO - Carrefour Belgium;1;0;0;1200;0;16;1
Tartiné chicken - Aoste Tartiné - Imperial Meat Product;2.2;0;0;734;0;13;0.9
Roast turkey breast in slices - Delhaize - Delhaize groupe;1;0;0;800;0;22;0.1
Chicken fillet natural 125g - Carrefour - Carrefour Belgium;2;0;0;1000;0;18;0.2
Salami 90g - Aoste Authentique - Imperial Meat Products;0.1;0;0;1469;0;23;0.1
Steak tartare. beef. prepared. fine herbs - Delhaize - Delhaize groupe;2.6;0;0;600;0;15.4;0.3
Meatloaf. chicken 150g - Cornby - Dacor;4.5;0;0;850;0;14.7;2.6
Salami with garlic - Delhaize - Delhaize groupe;0.3;0;0;1130;0;18.6;0.2
Iberian charcuterie platter - Carrefour - Carrefour Belgium;1.1;0;0;2040;0;32;0
logs. stuffed - Carrefour - Carrefour Belgium;6;0;0;560;0;15;2
Spread. chicken salad Mediterranean - Delhaize - Delhaize groupe;2.3;0;0;700;0;12.8;1.4
Ham. herbs edelham - Herta - Nestlé Belgilux S.A.;0.4;0;0;800;0;22;0.4
Ham. herbs edelham - Herta - Nestlé Belgilux S.A.;0.4;0;0;800;0;22;0.4
Ham. herbs edelham - Herta - Nestlé Belgilux S.A.;0.4;0;0;800;0;22;0.4
Ham. herbs edelham - Herta - Nestlé Belgilux S.A.;0.4;0;0;800;0;22;0.4
Smoked chicken with honey - Herta - Nestlé Belgilux S.A.;0.7;0;0;720;0;21;0.7
Minced meat. calf. unseasoned. raw;0.6;343;227;77;0;18.1;0
Poultry Bread. herbs - Delhaize - Delhaize groupe;4.7;0;0;1000;0;15.1;0.7
Cordon bleu. poultry. cheese;9.2;253;185;704;0;17;0.5
Pate pheasant with cranberries - Carrefour - Carrefour Belgium;7.6;0;0;800;0;12;7.6
Worst lunch patron - Cornby - Dacor;3.1;0;0;787;0;12;1.1
Turkey breast fillet - Cornby - Dacor;0.9;0;0;811;0;20.7;0.9
Chicken breast nature 150g - Saint Alby - Lidl Belgium GmbH;1;0;0;900;0;20;1
Chicken breast with thyme - Herta - Nestlé Belgilux S.A.;0.6;0;0;760;0;21;0.6
Chicken breast with thyme - Herta - Nestlé Belgilux S.A.;0.6;0;0;760;0;21;0.6
Chicken breast with thyme - Herta - Nestlé Belgilux S.A.;0.6;0;0;760;0;21;0.6
Chicken breast with thyme - Herta - Nestlé Belgilux S.A.;0.6;0;0;760;0;21;0.6
Head cheese in tomato sauce in slices - Delhaize - Delhaize groupe;4;0;0;400;0;11;3
Head cheese in tomato sauce in slices - Delhaize - Delhaize groupe;4;0;0;400;0;11;3
Nuggets. chicken western - Iglo - Iglo Belgium SA/NV;24;0;0;610;0;14.2;1.9
Sausage. chorizo ??extra soft 250g - Delhaize - Delhaize groupe;2.5;0;0;470;0;34.8;0.6
Salad. crispy bacon - Vitakrone - Lidl Belgium GmbH;5.4;0;0;830;0;15.4;4.8
Turkey cubes smoked - Delhaize - Delhaize groupe;1.6;0;0;800;0;19;1.6
Turkey cubes smoked - Delhaize - Delhaize groupe;1.6;0;0;800;0;19;1.6
Pate. cream. pigs and pig liver - Delhaize - 365 - Delhaize groupe;5;0;0;700;0;10;1.6
Pate. cream. pigs and pig liver - Delhaize - 365 - Delhaize groupe;5;0;0;700;0;10;1.6
Pate. cream. pigs and pig liver - Delhaize - 365 - Delhaize groupe;5;0;0;700;0;10;1.6
Filet d'Anvers 80g - Delhaize - Delhaize groupe;0.9;0;0;1820;0;20.8;0.7
Fillet de York sliced - Delhaize - 365 - Delhaize groupe;0.5;0;0;1500;0;22.5;0.5
Fillet de York sliced - Delhaize - 365 - Delhaize groupe;0.5;0;0;1500;0;22.5;0.5
Sausages. dry sausages mini - Carrefour Discount - Carrefour Belgium;4.1;0;0;1920;0;27;3.2
Sausages. dry sausages mini - Carrefour Discount - Carrefour Belgium;4.1;0;0;1920;0;27;3.2
Ham. ham off the bone - Aubel - Detry S.A.;0.1;0;20;550;0;22;0.1
Ham. farmer's ham cooked sliced - Delhaize - Delhaize groupe;0.6;0;0;710;0;21.8;0.6
Pâté. farm house 210gr - 2.75kg - Imperial - Imperial Meat Products;1;0;0;708;0;15;1
Salami extra without garlic - Imperial - Imperial Meat Products;0.2;0;0;1370;0;19.3;0.2
Pâté with gingerbread and onion confit - Carrefour - Carrefour Belgium;4.9;0;0;675;0;15;2.1
Pâté with gingerbread and onion confit - Carrefour - Carrefour Belgium;4.9;0;0;675;0;15;2.1
Chicken fillet with broccoli in slices - Delhaize - Delhaize groupe;1.1;0;0;770;0;15.2;1.1
Saxony fillet. lean;0.3;436;363;1442;0;25;0.3
Spinata romana. 125g - Carrefour - Carrefour Belgium;0.1;0;0;1600;0;27;0.1
Salami. garlic-free 150g - Carrefour - Carrefour Belgium;0.3;0;0;1100;0;18.6;0.2
Parsley sausage. 125g - Carrefour - Carrefour Belgium;6;0;0;800;0;11.5;3
Parsley sausage. 125g - Carrefour - Carrefour Belgium;6;0;0;800;0;11.5;3
Salami Hungarian - Imperial - Imperial Meat Products;0.2;0;0;1370;0;19.3;0.2
Diced chicken fillet 100% - Herta - Nestlé Belgilux S.A.;2;0;0;800;0;17;2
Ham. raw. nut ham;0.5;430;355;1471;0;24.3;0.5
Turkey ham thin slices - Delhaize - Delhaize groupe;1.5;0;0;980;0;17.4;0.9
Salami. hungarian - Carrefour - Carrefour Belgium;1.5;0;0;1360;0;18.3;0.5
Sausage. dry sausage 365 - Delhaize - 365 - Delhaize groupe;2.2;0;0;2500;0;26.3;0.4
Sausage. Bifi hot - Bifi - Unilever Belgium N.V.;2;0;0;1600;0;24;2
Sausage. Bifi midget garden herbs - Bifi - Unilever Belgium N.V.;1.5;0;0;1000;0;20;1.5
sausage. Bifi original - Bifi - Unilever Belgium N.V.;0.9;0;0;1700;0;25;0.9
Sausage. Bifi roll - Bifi - Unilever Belgium N.V.;27;0;0;930;0;15;3.5
Chicken fillet. Wellness - Aubel - Detry S.A.;0.5;0;0;600;0;21;0.5
Salami with garlic sliced n°24 - Delhaize - Delhaize groupe;0.2;0;0;1370;0;19.3;0.2
Salami with pepper n°22 - Delhaize - Delhaize groupe;0.3;0;0;1410;0;21.7;0.1
Balls. oriental - Delhaize - Delhaize groupe;11.3;0;0;960;0;13.6;2
Beef burger lean - Carrefour - Carrefour Belgium;0.5;0;0;85;0;22;0.2
Hamburger frozen - Delhaize - Delhaize groupe;0;0;0;0;0;19.1;0
Hamburger onion parsley - Kwaliteitsketen Carrefour - Carrefour Belgium;4.3;0;0;617;0;14.8;1.1
Ham. boiled ham slices bio - Delhaize - BIO - Delhaize groupe;2;0;0;720;0;20;2
Knuckle of ham mustard sauce - Delhaize - Delhaize groupe;0.5;0;0;510;0;24.5;0.5
Meatballs. chicken - Delhaize - Delhaize groupe;10.9;0;0;480;0;12;0
Bacon. noble sliced - Delhaize - Delhaize groupe;0.9;0;0;1320;0;23;0.9
Bacon. oven baked herb bacon - Ancienne Belgique - Lidl Belgium GmbH;1.5;0;0;900;0;17;1.5
Salami. salchichon chérico de credo - Delhaize - Taste of Inspirations - Delhaize groupe;2.1;0;0;1830;0;26;2.1
Zuurkool gegarneerd 325g - Delhaize - Delhaize groupe;1.5;0;0;600;0;9;0.4
Salad. indian salad with chicken no mayo - Delhaize - Delhaize groupe;6.9;0;0;600;0;7.1;5.5
Chicken sausage 200g - Delhaize - Delhaize groupe;4.4;0;0;700;0;10.6;1.3
Chicken skewer oriental - Carrefour - Carrefour Belgium;4.5;0;0;440;0;18;1.5
Pâté country style 365 - Delhaize - Delhaize groupe;2.6;0;0;800;0;13;2.6
Paté. ardennes paté 365 - Delhaize - 365 - Delhaize groupe;5;0;0;780;0;11.5;1.8
Paté. groene peper paté in cup 150g - Delhaize - Delhaize groupe;2.3;0;0;1100;0;11.7;0.8
Sausage. luncheon meat 200g - Delhaize - Delhaize groupe;3.7;0;0;880;0;13.2;0.6
Smoked bacon in cubes bio - Delhaize - BIO - Delhaize groupe;0.5;0;0;1300;0;17.5;0.5
Sausage. dry sausage. walnuts - Delhaize - Delhaize groupe;2.9;0;0;1200;0;29.2;2.9
Salade. meat salad 200g - Delhaize - 365 - Delhaize groupe;5.1;0;0;380;0;3;1.1
Kangaroo. rump. baked;0;370;0;51;0;33.9;0
Kassler 125g - Carrefour - Carrefour Belgium;5;0;0;1080;0;20.9;2.9
Sausage. Pariser;1.1;231;157;842;0;15;0.7
Sausage. Parisian hunting sausage with green pepper & garlic - Carrefour - Carrefour Belgium;1.1;0;0;720;0;15;1.1
Salami walnut 230g - Bistro - Imperial Meat Products;0.2;0;0;1613;0;25.3;0.2
Salami Westfalie butcher's label - Imperial - Imperial Meat Products;0.2;0;0;1370;0;19.3;0.2
Salami with pepper 150g - Delhaize - Delhaize groupe;2.1;0;0;1000;0;19.9;0.5
Luncheon sausage Mickey - Disney - Imperial Meat Product;3.8;0;0;708;0;12;0.9
Salami Pain d'ardenne without skin - Imperial - Imperial Meat Products;0.1;0;0;1647;0;28.2;0.1
Turkey ham. roast tradition - Cornby - Dacor;0.8;0;0;881;0;21.5;0.7
Salami Popular with garlic - Imperial - Imperial Meat Products;0.1;0;0;1294;0;19.1;0.1
Salami Django 1/2 - Imperial - Imperial Meat Products;0.1;0;0;1144;0;17.4;0.1
Salami extra with garlic - Imperial - Imperial Meat Products;0.2;0;0;1370;0;19.3;0.2
Salami. peppered Apostle's bread - Imperial - Imperial Meat Products;0.2;0;0;1370;0;19.3;0.2
Salami with garlic Swing - Imperial - Imperial Meat Products;0.1;0;0;1294;0;19.1;0.1
Salami. pizzasalami - Imperial - Imperial Meat Products;0.3;0;0;1429;0;21.5;0.3
Salami with garlic sliced 365 - Delhaize - 365 - Delhaize groupe;1;0;0;1300;0;17.3;1
Sausage. blood. cooked;9.2;248;108;672;0;11.8;0.9
Sausage. Campesino - Delhaize - Delhaize groupe;3.5;0;0;1700;0;24.5;3.5
Salami garlic free sliced 365 - Delhaize - 365 - Delhaize groupe;1;0;0;1300;0;17.3;1
Poultry ham cooked with vegetables dindisson - Cornby - Dacor;2.1;0;0;763;0;12.6;0.6
Meatloaf fine provençal - Cornby - Dacor;1.8;0;0;798;0;10.9;1.8
Sausage. cooked chicken sausage poulerolle - Cornby - Dacor;2.9;0;0;804;0;14.8;1.3
Sausage. dry sausage boar - Delhaize - Delhaize groupe;2.9;0;0;1200;0;29.2;2.9
Ham. Poultry roasted - Cornby - Dacor;1.3;0;0;776;0;15.5;1.3
Ham. Prosciutto Crudo - Herta - Nestlé Belgilux S.A.;0.1;0;0;2000;0;26;0.1
Pâté. crème 1.75 Kg - Imperial - Imperial Meat Products;4.5;0;0;669;0;10.5;3.1
Pate. creme 365 - Delhaize - 365 - Delhaize groupe;2.4;0;0;830;0;11.3;2.4
Ham. cooked. degreased. derinded Masterly - Imperial - Imperial Meat Products;0.7;0;0;747;0;21.5;0.7
Filet de Saxe. edelsaxe - Imperial - Imperial Meat Products;0.3;0;0;1442;0;26;0.3
Pâté country style block - Delhaize - Delhaize groupe;2.4;0;0;830;0;11;2.4
Sausage. dry boerke 350g/18pieces - Imperial - Imperial Meat Products;0.2;0;0;1613;0;21.4;0.2
Chickenfillet. asparagus. chicken shaped - Cornby - Dacor;1.3;0;0;776;0;14.7;1.3
Ham. cooked. degreased. derinded. mandolino - Imperial - Imperial Meat Products;0.7;0;0;708;0;19;0.7
Chicken filet broccoli - Cornby - Dacor;1.1;0;0;772;0;15.5;1.1
Chicken filet. mediterranean shaped chicken - Cornby - Dacor;2.4;0;0;1145;0;14.5;1.4
Snack. pure pork 80g/200g - Aoste Snack - Imperial Meat Products;1;0;0;1849;0;33;1
Salami chorizo snack 80g - Aoste Snack - Imperial Meat Products;0.5;0;0;1967;0;28;0.5
Salami. bistro - Aoste Authentique - Imperial Meat Products;0.1;0;0;1725;0;24;0.1
Salami Genova - Delhaize - Delhaize groupe;0.1;0;0;1390;0;21.5;0.1
Salami guelderland sausage band - Imperial - Imperial Meat Products;0.1;0;0;1469;0;22.8;0.1
Ham. country style. deboned. not smoked - Imperial - Imperial Meat Products;0.6;0;0;2085;0;24.4;0.6
Sausage. cooked sausage with parsley printanier - Cornby - Dacor;2.5;0;0;821;0;12.4;1.7
Ham. Cobourg. extra sweet white no smoked - Imperial - Imperial Meat Products;0.9;0;0;1770;0;23.7;0.9
Ham. formed - Imperial - Imperial Meat Products;0.6;0;0;1967;0;26;0.6
Ham. gin and spices - Carrefour - Carrefour Belgium;1.1;0;0;990;0;18.8;1.1
Ham. raw 100g - Weight Watchers - Imperial Meat Products;0.9;0;0;1778;0;28;0.9
Ham. raw ham - traiteur - Carrefour - Carrefour Belgium;2.2;0;0;1515;0;23;2.2
Luncheon sausage 120g - Weight Watchers - Imperial Meat Products;3.1;0;0;787;0;12;0.9
Spread. chickensalade with curry 150g - Weight Watchers - Imperial Meat Products;5.8;0;0;400;0;10.4;2.3
Meatloaf. Strasbourg;4.9;165;140;796;0;10.4;2.3
Minced ball. vegetables - Delhaize - Delhaize groupe;9;0;0;680;0;13;1.5
Ham. cooked;0.7;347;264;750;0;21.5;0.7
Ham. cooked & defatted ham - Carrefour Discount - Carrefour Belgium;1.2;0;0;800;0;18.9;1
Salami with paprika smoked - Gebirgsjäger - Lidl Belgium GmbH;2;0;0;1600;0;22;1.4
Sausage. Bifi beer sausage - Bifi - Unilever Belgium N.V.;1;0;0;1200;0;20;0.8
Sausage. grill sausage - Delhaize - Delhaize groupe;1.9;0;0;700;0;12.9;0.6
Chicken. original crispy chicken - Iglo - Iglo Belgium SA/NV;20;0;0;490;0;15;0.6
Suisseburger. breaded (ham and cheese);5;249;330;550;0;22.5;0
Sweets. marshmallow. Supermix - Carrefour - Carrefour Belgium;79.3;0;0;7;0;3.6;70.7
Sausages. cocktail;2.5;86;279;801;0;11.5;0.1
Sausages. cocktail sausages discount - Carrefour Discount - Carrefour Belgium;1.1;0;0;732;0;12;0.1
Pork meat. marinated. raw;2;241;167;457;0;13.2;1.5
Pork press head with tomato 150g - Carrefour - Carrefour Belgium;3;0;0;1100;0;13;2
Minced meat. pork. seasoned. raw;0;320;166;583;0;16.9;0
Minced meat. pork. unseasoned. raw;0;326;170;62;0;16.9;0
Spread. chicken fillet salad - Delhaize - Delhaize groupe;4.6;0;0;420;0;12;1.3
Spread pita salad spicy - Delhaize - Delhaize groupe;8.4;0;0;600;0;8.4;4.7
Spread. Hawaiian Chicken Salad FOA - Delhaize - Delhaize groupe;6.5;0;0;540;0;9.6;5.6
Cooked ham. defatted - Amando - Amando Vleeswarenfabriek N.V.;2.1;0;0;955;0;18.5;1.9
Cooked shoulder 300 g - Carrefour Discount - Carrefour Belgium;0.8;0;0;720;0;19;0.8
Filet de Saxe 100g - Weight Watchers - Imperial Meat Products;0.2;0;0;1396;0;25;0.2
Pork. for cooked pork roast into slices - Imperial - Imperial Meat Products;0.8;0;0;638;0;20.7;0.8
Luncheon sausage 200g dis cars - Cornby - Dacor;3.8;0;0;708;0;11.6;0.9
Sausage. chicken - Cornby - Dacor;3.4;0;0;831;0;12.9;1.5
Sausage. chicken sausage bio - Carrefour BIO - Carrefour Belgium;0.7;0;0;393;0;18.9;0.7
Salami. chicken 100% - Aoste Authentique - Imperial Meat Products;0.1;0;0;1263;0;19;0.1
Ham. Cobourg gastronom gold - Imperial - Imperial Meat Products;0.9;0;0;1770;0;23.7;0.9
Ham. edelham nature - Herta - Nestlé Belgilux S.A.;0.6;0;0;800;0;20;0.6
Ham. edelham old-style - Herta - Nestlé Belgilux S.A.;0.5;0;0;560;0;20;0.5
Ham. spit edelham - Herta - Nestlé Belgilux S.A.;0.5;0;0;760;0;21;0.5
Ham. strips 2x100g - Carrefour - Carrefour Belgium;0.8;0;0;800;0;18.1;0.6
Bacon.sticks ??smoked - Herta - Nestlé Belgilux S.A.;0.4;0;0;880;0;17;0.4
Baked ham 125g - Carrefour - Carrefour Belgium;0.8;0;0;736;0;20.4;0.8
Bacon. smoked bacon strips - Herta - Nestlé Belgilux S.A.;0.9;0;0;920;0;19;0.9
Bacon. -30% fat - Herta - Nestlé Belgilux S.A.;0.6;0;0;880;0;18;0.6
Breakfast bacon smoked - Herta - Nestlé Belgilux S.A.;0.4;0;0;880;0;16.3;0.4
Knacki Ball Cheese - Herta - Nestlé Belgilux S.A.;2.5;0;0;840;0;14;2.5
Knacki Ball Original - Herta - Nestlé Belgilux S.A.;2.5;0;0;840;0;12;2.5
Natural chicken breast 120g - Herta - Nestlé Belgilux S.A.;0.5;0;0;720;0;21;0.5
Salami. chorizo soft - Herta - Nestlé Belgilux S.A.;0.1;0;0;1600;0;25;0.1
Salami. chorizo soft - Herta - Nestlé Belgilux S.A.;0.1;0;0;1600;0;25;0.1
Sausage. smoked sausage farmer - Herta - Nestlé Belgilux S.A.;3.5;0;0;810;0;13;0.1
Meat sausage. piece - Herta - Nestlé Belgilux S.A.;1;0;0;800;0;11;1
Meat. pita chicken - Carrefour - Carrefour Belgium;0.5;0;0;440;0;21.7;0.3
Cordon bleu. poultry. cheese. ham;14.5;184;171;610;0;14;0.9
Corned-beef 134g/198g/340g/2720g - Target - Bisschops - Verachter NV- SA;1;0;0;0;0;21;0
Schnitzel. pork. breaded;13.1;301;179;294;0;15.6;0
Horsemeat. smoked;1.9;424;216;1360;0;23;1.6
Hotdog sausages in can - Zwan - Unilever Belgium N.V.;4.5;0;0;840;0;13;0.1
Sausage. Ardennes ring 240g - Marcassou - Champlon Salaison S.A.;0.8;0;0;1499;0;21;0.7
Salami. 3 stars - Imperial - Imperial Meat Products;0.1;0;0;1284;0;19.8;0.1
Salami. Ardennes - Herta - Nestlé Belgilux S.A.;0.5;0;0;1600;0;21;0.1
Chicken breast AO - Aoste Authentique - Imperial Meat Products;1;0;0;840;0;21;1
Chicken breast. mustard roast chicken 100% - Cornby - Dacor;0.8;0;0;1128;0;21.4;0.5
Chicken breast maison herbs - Cornby - Dacor;1.4;0;0;839;0;19.6;1.1
Roast turkey for cooked - Cornby - Dacor;0.9;0;0;889;0;20.2;0.8
Roast turkey wonderfully intense flavor - Aoste Authentique - Imperial Meat Products;0.8;0;0;881;0;22;0.7
Ham. grilled - Imperial - Imperial Meat Products;1.5;0;0;873;0;17.7;1.5
Ham. grilled edelham - Herta - Nestlé Belgilux S.A.;0.4;0;0;760;0;22;0.4
Pâté. green pepper pâté 150g - Aoste Authentique - Imperial Meat Products;1;0;0;708;0;15;1
Minced meat. veal. unseasoned. lean. raw;1.1;0;0;54;0;18.1;0
Nuggets. chicken. pre-fried;17.8;229;175;518;0;13.7;0.5
Pancetta - Carrefour - Carrefour Belgium;0.7;0;0;1220;0;16;0.7
Marinated turkey skewer - Carrefour - Carrefour Belgium;1.4;0;0;580;0;18;0.7
Salami without garlic bio - Carrefour BIO - Carrefour Belgium;0.9;0;0;1252;0;20.9;0.6
Turkey breast 150gr - Carrefour - Carrefour Belgium;1;0;0;700;0;20;0.7
Turkey breast baked sliced n° 51 - Delhaize - Delhaize groupe;1.3;0;0;1200;0;19.2;0.9
Pork. smoked - Carrefour - Carrefour Belgium;1;0;0;1550;0;21;0.3
Pork. young belly - Imperial - Imperial Meat Products;0.3;0;0;1967;0;19.5;0.3
Fazantroulade with cranberries - Carrefour - Carrefour Belgium;5.7;0;0;820;0;16.2;5.7
Luncheon sausage bio - Carrefour BIO - Carrefour Belgium;0.7;0;0;920;0;15.8;0.5
Salami. Milano bio - Carrefour BIO - Carrefour Belgium;0;0;0;1560;0;25;0
Spanish dish - Carrefour - Carrefour Belgium;0.8;0;0;1520;0;29;0
Spicy bacon for bruschetta - Carrefour - Carrefour Belgium;1.4;0;0;760;0;10;1.1
Rosette cuts - Carrefour - Carrefour Belgium;1.6;0;0;1680;0;24;0.3
Roulade mustard bacon - Delhaize - Delhaize groupe;2.3;0;0;800;0;18.4;0.9
Dry sausage. pure pork - Carrefour - Carrefour Belgium;1.6;0;0;1840;0;26;1.5
Duck liver;2;130;109;507;0;6.6;1.5
Ham. ham Bruges - Souvenir du Terroir - Carrefour Belgium;0.5;0;0;2230;0;26.6;0.5
Pastrami 100g - Carrefour - Carrefour Belgium;0;0;0;890;0;25;0
Pastrami Sliced - Delhaize - Delhaize groupe;1.5;0;0;500;0;18.3;0.5
Chicken with curry 150g - Carrefour - Carrefour Belgium;1;0;0;740;0;18;1
Salami. without garlic - Carrefour Discount - Carrefour Belgium;3.1;0;0;1440;0;18;3
Aspic chicken lemon flavor - Carrefour - Carrefour Belgium;1;0;0;760;0;16;0.2
Salami. without garlic 650g - Carrefour - Carrefour Belgium;4.1;0;0;1372;0;19;2.7
Salami. without garlic 450g - Carrefour - Carrefour Belgium;3.5;0;0;1400;0;19;2.9
Salami. without garlic 200g - Carrefour - Carrefour Belgium;3.3;0;0;1400;0;20;2.8
Salami. with garlic - piece 200g - Carrefour - Carrefour Belgium;3.8;0;0;1492;0;20;3.1
Prague ring sausage - Carrefour - Carrefour Belgium;6.1;0;0;840;0;11;0.8
Prague sausage - Cornby - Dacor;2.7;0;0;785;0;12.5;1.3
Defatted cooked ham - traiteur - Carrefour - Carrefour Belgium;1.4;0;0;898;0;18;1
Ham. forest ham - Carrefour Sélection - Carrefour Belgium;1;0;0;2400;0;25;1
Sausage. garlic. chicken - Carrefour - Carrefour Belgium;6.4;0;0;992;0;12;0.2
Filet de saxe 120g - Carrefour - Carrefour Belgium;1;0;0;0;0;22;0.2
Filet de Saxe 90g - Aoste Feuilletine - Imperial Meat Products;0.2;0;0;1396;0;25;0.2
Pate. cream pate 170g - Carrefour - Carrefour Belgium;2.3;0;0;768;0;12;1.8
Pate. cream pepper 4 season - Delhaize - Delhaize groupe;3.2;0;0;890;0;13;2.6
Salami. with pepper 125g - Carrefour - Carrefour Belgium;3.3;0;0;1100;0;18.7;3.3
Salami. without garlic 50g - Carrefour - Carrefour Belgium;0.3;0;0;1132;0;19;0.2
Cooked ham 50g - Carrefour - Carrefour Belgium;1;0;0;640;0;22;1
Cooked ham without antibiotics - Carrefour - Carrefour Belgium;1;0;0;860;0;21.9;1
Ham baked in the oven 150g - Carrefour - Carrefour Belgium;1.2;0;0;860;0;23.4;1.2
Grisonmeat. dried 80g - Carrefour - Carrefour Belgium;0.6;0;0;1900;0;39.6;0.6
Ham Ardenne uncooked - Aubel - Detry S.A.;0.2;0;28;1800;0;28;0.2
Bacon. smoked 150g - Carrefour - Carrefour Belgium;0.5;0;0;1360;0;22;0.5
Bacon. smoked bacon cubes 365 - Delhaize - 365 - Delhaize groupe;0.5;0;0;1520;0;15.5;0.5
Ham. Italian ham raw 160g - Carrefour - Carrefour Belgium;0.1;0;0;2316;0;27;0.1
Chicken breast thin - Carrefour - Carrefour Belgium;1;0;0;740;0;19;1
Chicken breast with herbs 125g - Saint Alby - Lidl Belgium GmbH;1;0;0;0;0;20;1
Spread. chicken curry salad discount - Carrefour Discount - Carrefour Belgium;5;0;0;620;0;12;1
Ham. superieur nature - Herta - Nestlé Belgilux S.A.;0.5;0;0;720;0;20;0.5
Ham. Superior thick slices - Herta - Nestlé Belgilux S.A.;0.5;0;0;720;0;20;0.5
Spread. chicken salad;4.8;0;0;0;0;11;1.5
Spread. chicken salad andalusian sauce - Delhaize - Delhaize groupe;4.6;0;0;500;0;10.2;1
Spread. meat salad;4.2;175;0;761;0;8;2.6
Spread. meat salad 150g - Weight Watchers - Imperial Meat Products;5.2;0;0;620;0;8.8;2.1
Chicken breast Mickey - Disney - Imperial Meat Product;1.5;0;0;787;0;20;1.2
chicken breast mushrooms - Imperial - Imperial Meat Products;1.3;0;0;776;0;15.5;1.3
Garlic sausage;2.4;251;249;1047;0;13;0
Gaume sausage sliced - Delhaize - Delhaize groupe;0.5;0;0;1250;0;24.7;0.5
Prosciutto di San Daniele sliced - Delhaize - Delhaize groupe;0.1;0;0;2160;0;28;0
Sausage. polish sausages 200g - Delhaize - Delhaize groupe;0.7;0;0;700;0;15.2;0.7
Antipasto Emiliano sliced - Delhaize - Delhaize groupe;0;0;0;1700;0;27.7;0
Ham. Parma sliced maxi pack - Delhaize - Delhaize groupe;0;0;0;1760;0;25.9;0
Tartiné ham - Aoste Tartiné - Imperial Meat Product;2;0;0;616;0;13;0.7
Tartiné ham - Aoste Tartiné - Imperial Meat Product;2;0;0;616;0;13;0.7
Meatloaf chicken in slices 150g - Delhaize - 365 - Delhaize groupe;3.6;0;0;730;0;16;2.6
Ham. Noir De Bigorre - Delhaize - Taste of Inspirations - Delhaize groupe;0.6;0;0;2040;0;31.5;0.4
Ham. Bayonne sliced - Delhaize - Delhaize groupe;0.5;0;0;2050;0;30.1;0.5
Ham. Bayonne sliced - Delhaize - Delhaize groupe;0.5;0;0;2050;0;30.1;0.5
Ham. Culatello di Parma - Delhaize - Taste of Inspirations - Delhaize groupe;0;0;0;2200;0;19.5;0
Ham. defatted. cooked in slices 200g - Delhaize - Delhaize groupe;0.7;0;0;750;0;21.5;0.7
Salami d'Ardenne with garlic in slices - Delhaize - Delhaize groupe;2.3;0;0;1600;0;22.1;0.5
Salami without garlic in slices - Delhaize - Delhaize groupe;1.8;0;0;1960;0;26.8;0.8
Salami without garlic in individual slices - Delhaize - Delhaize groupe;0.3;0;0;1130;0;18.6;0.2
Ham. cooked. degreased-rindless sliced - Delhaize - Delhaize groupe;0.7;0;0;750;0;21.5;0.7
Meatballs. chicken 400g - Delhaize - Delhaize groupe;7.4;0;0;840;0;15;0.2
Salami pur pork with herbs - Delhaize - Delhaize groupe;0.3;0;0;2120;0;29.6;0.3
Meatloaf. chicken in slices - Delhaize - Delhaize groupe;3.9;0;0;810;0;14.3;1.7
Chicken breast into individual slices - Delhaize - Delhaize groupe;1.5;0;0;720;0;19;1.1
Filet d'Anvers supérieur - Delhaize - Taste of Inspirations - Delhaize groupe;5;0;0;1500;0;20.8;0.7
Sausage. dried sausages Mini apero - Delhaize - 365 - Delhaize groupe;4.8;0;0;1790;0;31.2;3.6
Salami. mini 365 - Delhaize - 365 - Delhaize groupe;1;0;0;1500;0;24;0
Sausage. smoked sausage of Gelderland - Delhaize - Delhaize groupe;1.5;0;0;850;0;12;0.2
Breakfast bacon in slices - Delhaize - Delhaize groupe;0.3;0;0;1;0;17;0.3
Breakfast bacon bio - Delhaize - BIO - Delhaize groupe;0.5;0;0;1;0;18;0.5
Bacon. salted in slices 250g - Delhaize - Delhaize groupe;0.3;0;0;1500;0;17;0.3
Sausage. dry sausage 200g - Delhaize - Delhaize groupe;1.4;0;0;2040;0;31.6;0.4
Ham. cooked shoulder with rind - Delhaize - 365 - Delhaize groupe;1.5;0;0;800;0;19;1.5
Head cheese Breughel - Delhaize - Delhaize groupe;1.4;0;0;460;0;16.8;0.2
Head cheese in slices - Delhaize - Delhaize groupe;1;0;0;520;0;14.5;0.6
Snack. aperitif. sausage walnuts - Delhaize - Delhaize groupe;0.2;0;0;1900;0;26.7;0.2
Sausage. Ardennes ring sausage - Delhaize - Delhaize groupe;3.4;0;0;1380;0;20.9;0.5
Luncheon sausage in slices n°54 - Delhaize - Delhaize groupe;2.2;0;0;900;0;12.7;0.6
Ham. bresaola - Delhaize - Taste of Inspirations - Delhaize groupe;1;0;0;1500;0;33.8;1
Meatloaf in block - Delhaize - Delhaize groupe;4.9;0;0;920;0;14.9;0.6
Meatloaf in slices - Delhaize - Delhaize groupe;6.3;0;0;800;0;14;0.5
Ham. dried. Proscuitto crudo - Delhaize - Delhaize groupe;0.2;0;0;2400;0;26.2;0
Ham. dried. Proscuitto crudo nazionale - Delhaize - Delhaize groupe;0;0;0;2300;0;29.5;0
Ham. dried. Proscuitto di Parma 24M - Delhaize - Taste of Inspirations - Delhaize groupe;0;0;0;2200;0;27;0
Ham. Coppa Parma in slices - Delhaize - Delhaize groupe;0.6;0;0;1520;0;23.6;0.6
Salami. salchichon Chérico de cebo - Delhaize - Taste of Inspirations - Delhaize groupe;1.7;0;0;1400;0;26;0.7
Bacon cubes salted - Delhaize - Delhaize groupe;0.5;0;0;960;0;19.6;0.5
Blue cord with 2 cheeses - turkey meat - Carrefour - Carrefour Belgium;15;0;0;550;0;13;1.3
Bacon. crispy bacon - Carrefour - Carrefour Belgium;1.1;0;0;1800;0;31;1
Ham. diced ham - Carrefour - Carrefour Belgium;0.5;0;0;1000;0;18;0.3
Ham. diced ham 150g - Herta - Nestlé Belgilux S.A.;2;0;0;900;0;18;2
Horsefilet - Carrefour - Carrefour Belgium;2;0;0;1340;0;23;1.6
Horsemeat smoked - Damar - Equinox N.V.;3.3;0;0;1520;0;24;2.9
Strips of chicken 150g - Carrefour - Carrefour Belgium;1;0;0;723;0;20;0.8
Apero knacks balls - Carrefour - Carrefour Belgium;0.3;0;0;640;0;13;0.1
Bacon. smoked of salted bacon 4 slices - Carrefour - Carrefour Belgium;0.3;0;0;1200;0;17;0.3
Bacon smoked or salty breakfast 100g / 200g - Carrefour - Carrefour Belgium;0.5;0;0;1500;0;16;0.3
Snack aperitif. mini balls 150g - Carrefour - Carrefour Belgium;4.9;0;0;800;0;16;0.5
Soup balls of poultry - Carrefour Discount - Carrefour Belgium;7.8;0;0;450;0;17.4;0.9
Salami. mini salami with garlic - Carrefour - Carrefour Belgium;1.9;0;0;1600;0;24;1
Salami. mini salami smoked with beechwood - Carrefour - Carrefour Belgium;1.9;0;0;1600;0;24;1
Pate. in block 7 slices - Carrefour - Carrefour Belgium;2.6;0;0;812;0;12;2.2
Salad. ham bone - Carrefour - Carrefour Belgium;2;0;0;550;0;10;1.6
Salad. ham salad - Delhaize - Delhaize groupe;3.1;0;0;400;0;3.3;1.2
Salad. chicken curry salad - Carrefour - Carrefour Belgium;4.9;0;0;680;0;9.7;1.7
Salad. chicken salad mayonnaise - Carrefour - Carrefour Belgium;2.2;0;0;560;0;11;1.5
Salad. meat salad with mayonnaise 200g - Carrefour - Carrefour Belgium;4.1;0;0;720;0;7.1;2.4
Salami. with garlic 150g - Carrefour - Carrefour Belgium;0.5;0;0;1188;0;19.5;0.3
Salami. with garlic discount 200g - Carrefour Discount - Carrefour Belgium;1.5;0;0;1520;0;20;0
Salami. pepper salami - Carrefour - Carrefour Belgium;4.5;0;0;1420;0;17.5;0.5
Salami. with truffles - Carrefour - Carrefour Belgium;0;0;0;1200;0;24;0
Snack. aperitif. salami diced - Carrefour - Carrefour Belgium;1.7;0;0;1300;0;19;0.2
Salami. Finbec 150g - Carrefour - Carrefour Belgium;4;0;0;1360;0;18;4
Salami. fuet. aperitif - Carrefour - Carrefour Belgium;7.1;0;0;1300;0;25.3;1.6
Salami. Finbec - traiteur - Carrefour - Carrefour Belgium;0.1;0;0;1160;0;18;0.1
Sausages. Viennese sausages discount - Carrefour Discount - Carrefour Belgium;1.1;0;0;640;0;12;0.1
Ham. Porchetta arrosto sliced - Delhaize - Delhaize groupe;0.5;0;0;650;0;17;0.5
Roast pork 150g - Carrefour - Carrefour Belgium;0.6;0;0;610;0;29;0.6
Roast pork in 150g slices - Carrefour - Carrefour Belgium;0.4;0;0;540;0;22.4;0.4
Meatloaf. chicken;3.9;449;180;807;0;14.7;1.7
Meatloaf. chicken 120g - Weight Watchers - Imperial Meat Products;4.2;0;0;839;0;17;1.7
Bacon. smoked bacon thickly sliced 200g - Dulano - Lidl Belgium GmbH;0.5;0;0;1520;0;21;0.5
Head cheese nature - Dulano - Lidl Belgium GmbH;1;0;0;480;0;14.5;0.6
Head cheese of Gent 125g - Carrefour - Carrefour Belgium;0.2;0;0;840;0;13.9;0.2
Meatloaf nature - Dulano - Lidl Belgium GmbH;7.7;0;0;800;0;14.6;1
Meatloaf provençal - Cornby - Dacor;2.8;0;0;879;0;12.3;1.7
Meatloaf Provencal 150g - Dulano - Lidl Belgium GmbH;6.5;0;0;720;0;12.7;1.6
Filet de York 150g - Saint Alby - Lidl Belgium GmbH;0.5;0;0;1520;0;20.2;0.5
Fillet de York - Delhaize - Delhaize groupe;5;0;0;1140;0;22.1;1.2
Pate. oven baked pate - Saint Alby - Lidl Belgium GmbH;3.1;0;0;761;0;18.1;2.4
Sausage. saveloy 450g - Saint Alby - Lidl Belgium GmbH;2.2;0;0;700;0;14.4;1.7
Meatballs. vegetables meatballs - Saint Alby - Lidl Belgium GmbH;11.1;0;0;630;0;13;4.8
Meatballs. oriental meatballs 250g - Saint Alby - Lidl Belgium GmbH;7.6;0;0;1010;0;14.3;3.6
Meatballs. chicken meatballs - Saint Alby - Lidl Belgium GmbH;7.6;0;0;800;0;16.9;3.1
Ham sausage 400g - Saint Alby - Lidl Belgium GmbH;4.5;0;0;800;0;12.5;1.5
Ham sausage discount - Carrefour Discount - Carrefour Belgium;0.5;0;0;932;0;12;0.3
Meat Loaf. chicken meat loaf - Saint Alby - Lidl Belgium GmbH;6.5;0;0;1000;0;15;3
Bacon strips smoked 200g - Saint Alby - Lidl Belgium GmbH;1;0;0;1600;0;20.6;1
Salami. salami without garlic farmers - Saint Alby - Lidl Belgium GmbH;0.3;0;0;1600;0;22;0.2
Salami. pepper 150g - Saint Alby - Lidl Belgium GmbH;2.3;0;0;1300;0;18.1;0.6
Meatballs. Liège meatballs - Saint Alby - Lidl Belgium GmbH;8.6;0;0;870;0;13.1;2.2
Pate. pate block - Saint Alby - Lidl Belgium GmbH;3;0;0;800;0;13;1
Paté. reebok - Delhaize - Delhaize groupe;2;0;0;600;0;16.3;0.5
Pate. cremepate 170g - Saint Alby - Lidl Belgium GmbH;4.1;0;0;720;0;10.7;2
Pate. en croute with boar - aperitif - Delhaize - Delhaize groupe;19;0;0;620;0;11.2;0.8
Pate. farmer pate 170g - Saint Alby - Lidl Belgium GmbH;1.8;0;0;670;0;12.1;1.4
Salami sausage - Saint Alby - Lidl Belgium GmbH;5;0;0;1500;0;19.9;0.2
Salami sliced bio - Delhaize - BIO - Delhaize groupe;0.3;0;0;1880;0;25.9;0.3
Beef stew. classic - Saint Alby - Lidl Belgium GmbH;4.3;0;0;500;0;14.9;1.1
Beef stew. with beer - Saint Alby - Lidl Belgium GmbH;3.8;0;0;0;0;13;1.2
Salami without garlic 100g - Herta - Nestlé Belgilux S.A.;0.5;0;0;1000;0;21;0.5
Salami with garlic 100g - Herta - Nestlé Belgilux S.A.;0.5;0;0;1000;0;21;0.5
Salami with Garlic 120g - Carrefour - Carrefour Belgium;0.8;0;0;0;0;27;0.3
Bacon. diced smoked bacon - Herta - Nestlé Belgilux S.A.;0.4;0;0;880;0;17;0.4
Chicken breast. smoked beechwood - Herta - Nestlé Belgilux S.A.;0.5;0;0;720;0;21;0.5
Ham. ham Superior - Herta - Nestlé Belgilux S.A.;0.3;0;0;760;0;20;0.3
Ham. ham. artisan sliced 365 - Delhaize - 365 - Delhaize groupe;1;0;0;800;0;21.5;1
Breakfast bacon nature - Herta - Nestlé Belgilux S.A.;0.4;0;0;880;0;16.3;0.4
Bacon. sliced ??nature - Herta - Nestlé Belgilux S.A.;0.4;0;0;880;0;17;0.4
Bacon. sliced ??smoked -25% salt - Herta - Nestlé Belgilux S.A.;0.4;0;0;760;0;17;0.4
Knacki ham - Herta - Nestlé Belgilux S.A.;2;0;0;720;0;14;2
Knacki Original - Herta - Nestlé Belgilux S.A.;2;0;0;720;0;12.5;2
Salad. chicken-hawaii - Vitakrone - Lidl Belgium GmbH;6.4;0;0;504;0;11.4;6.4
Salad. chickenn curry 365 - Delhaize - Delhaize groupe;4.8;0;0;230;0;10.8;2.2
Salad. chicken andalouse - Vitakrone - Lidl Belgium GmbH;4.7;0;0;576;0;9.1;3.3
Salad. meat salad 200g - Vitakrone - Lidl Belgium GmbH;4.8;0;0;865;0;7.8;3.1
Salad. chicken curry salad 200g - Vitakrone - Lidl Belgium GmbH;7.5;0;0;917;0;9.1;4
Salad. turkey truffle - Vitakrone - Lidl Belgium GmbH;1.1;0;0;540;0;13.5;0.8
Salad. roast chicken Caesar - Vitakrone - Lidl Belgium GmbH;2;0;0;710;0;17.2;0.7
Salad. roast pork with mustard - Vitakrone - Lidl Belgium GmbH;2;0;0;610;0;13.1;0.9
Salamisticks. classic - Le Césarin - Lidl Belgium GmbH;0.5;0;0;1800;0;36;0.2
Salamisticks. piquant - Le Césarin - Lidl Belgium GmbH;0.5;0;0;1800;0;36;0.2
Sausage. pork. raw;0;321;142;711;0;16.3;0
Sausage. pork-beef. raw;0;264;414;663;0;16.6;0
Ham. cooked ham cubes max 5% fat - Delhaize - Delhaize groupe;3;0;0;800;0;21;3
Sausage. cocktail sausages nature - Zwan - Unilever Belgium N.V.;3;0;0;650;0;10;0.5
TV-sausages nature canned - Zwan - Unilever Belgium N.V.;4.5;0;0;840;0;12;0.1
Veal burger 250g - Carrefour - Carrefour Belgium;2;0;0;90;0;19;0
Sausages Vienneses canned - Zwan - Unilever Belgium N.V.;4;0;0;760;0;12;0.1
Minced meat. lamb. seasoned. raw;0;276;142;526;0;15;0
Minced meat. mixed. seasoned. raw;0;314;166;583;0;17.8;0
Ham. cooked ham cubes - Delhaize - 365 - Delhaize groupe;2;330;0;800;0;18;2
Chicken fillet on skewer 600g - Carrefour - Carrefour Belgium;0.7;0;0;400;0;17.8;0.4
Chicken brochette bell pepper 625g - Carrefour - Carrefour Belgium;1.7;0;0;500;0;13.4;1.4
Marinated pork brazade BULK - Carrefour - Carrefour Belgium;1.1;0;0;580;0;19;0.3
Chicken slices of ginger lemon - Carrefour - Carrefour Belgium;5;0;0;189;0;22.5;0.3
Chicken burger - Carrefour BIO - Carrefour Belgium;0.7;0;0;393;0;18.9;0.7
Chicken burger 250g - Carrefour - Carrefour Belgium;7.8;0;0;450;0;17.4;0.9
Marinated chicken legs - Carrefour BIO - Carrefour Belgium;0.7;0;0;250;0;17.7;0.3
Marinated chicken skewers - Carrefour BIO - Carrefour Belgium;0.7;0;0;250;0;17.7;0.3
Chicken brochette exotique - Carrefour - Carrefour Belgium;5;0;0;252;0;22;0.7
Minced pork and veal - Carrefour - Carrefour Belgium;2;0;0;760;0;18;0
Minced steak mozzarella - Carrefour - Carrefour Belgium;2.8;0;0;440;0;14.4;1.7
Artisan hamburger - Kwaliteitsketen Carrefour - Carrefour Belgium;1.9;0;0;700;0;17.5;0.8
Irish beef burger with pepper - Carrefour - Carrefour Belgium;0.5;0;0;610;0;18.7;0.2
Chipolata bio - Carrefour BIO - Carrefour Belgium;0.5;0;0;480;0;17;0
Chopped Pork / Beef without Salt / Spices - Carrefour - Carrefour Belgium;0;0;0;220;0;18;0
Marinated beef steak - Carrefour - Carrefour Belgium;1.4;0;0;471;0;21.4;0
Filet américain nature - Carrefour - Carrefour Belgium;0;0;0;96;0;21.7;0
Martino of the chef - Carrefour - Carrefour Belgium;0.9;0;0;500;0;16;0.5
Master Cooked Ham. 10 slices - Carrefour - Carrefour Belgium;0.4;0;0;770;0;22.8;0.4
Minced meat. pork and beef minced meat 1.2 kg - Carrefour - Carrefour Belgium;2.9;0;0;800;0;16;0.8
Marinated pork skewer - Carrefour - Carrefour Belgium;0.6;0;0;341;0;19.8;0.6
Marinated bacon twisted skewer - Carrefour - Carrefour Belgium;0;0;0;345;0;18;0
Marinated pork smelt BBQ - Carrefour - Carrefour Belgium;2.1;0;0;520;0;17.5;0
Mix mini chipolata - Carrefour - Carrefour Belgium;3.2;0;0;383;0;15.6;0.4
Martino hot from the chef - Carrefour - Carrefour Belgium;3.7;0;0;300;0;14.7;2.5
Knuckle of ham rear pig leg - Carrefour - Carrefour Belgium;0.1;0;0;760;0;23.6;0.1
Chicken rolls - 500g - Carrefour - Carrefour Belgium;1;0;0;370;0;20;1
Chicken roulade with herbs - Cornby - Dacor;1.4;0;0;1125;0;16.9;0.7
Salami. farmer's ring salami - Carrefour - Carrefour Belgium;0.3;0;0;1208;0;20.4;0.3
Veal sausage - 150g - Carrefour - Carrefour Belgium;3;0;0;700;0;8.3;1.2
Veal Sausage 150g - Saint Alby - Lidl Belgium GmbH;4.8;0;0;800;0;11;1.2
Frikandellen chicken - Carrefour Discount - Carrefour Belgium;8.8;0;0;990;0;11.3;0.2
Ham. Bruges ham 125g - Carrefour - Carrefour Belgium;0.5;0;0;2250;0;33;0.5
Ham. Cobourg - Ancienne Belgique - Lidl Belgium GmbH;0.5;0;0;2200;0;24;0.5
white sausage with asparagus - Carrefour - Carrefour Belgium;4.9;0;0;871;0;9;2.4
Chicken fillet with sun-dried tomatoes - Carrefour - Carrefour Belgium;1.2;0;0;720;0;17.7;1.2
Poultry meatballs - Carrefour - Carrefour Belgium;14.2;0;0;812;0;11.1;3
Poultry Sausage with green vegetables - Carrefour - Carrefour Belgium;5.1;0;0;720;0;11;1.5
Salad. meat salad - 150g - Carrefour - Carrefour Belgium;4.1;0;0;700;0;7.1;2.4
Salad. chicken curry salad - 150g - Carrefour - Carrefour Belgium;4.9;0;0;680;0;9.7;1.7
Filet américain prepare from the chef - Carrefour - Carrefour Belgium;0.8;0;0;480;0;16;0.4
Filet américain. prepare martino - Carrefour - Carrefour Belgium;1;0;0;560;0;16;0.5
Chicken leg parika - Carrefour - Carrefour Belgium;0.3;0;0;520;0;18;0.2
Chicken minced meat with spices - Carrefour - Carrefour Belgium;7.8;0;0;450;0;17.4;0.9
Provencal chicken legs - Carrefour - Carrefour Belgium;0.5;0;0;480;0;17.1;0.5
Pure pork dry sausage - Carrefour Discount - Carrefour Belgium;3;0;0;1760;0;23;2.5
Chicken skewer with pineapple - Carrefour - Carrefour Belgium;2.6;0;0;372;0;19;2.6
Sausage. Italian sausage - Carrefour - Carrefour Belgium;1.8;0;0;291;0;16;0
Plateau gourmet family - Carrefour - Carrefour Belgium;0;0;0;240;0;21;0
Luncheon sausage 50g - Carrefour - Carrefour Belgium;2.9;0;0;752;0;11.4;0.7
Jambon. Prosciutto from San Daniele A.O.P. - Carrefour Sélection - Carrefour Belgium;0;0;0;1760;0;26;0
Sausage. pork sausage - Carrefour - Carrefour Belgium;1;0;0;473;0;17;0
Salami Cremona IGP - Carrefour Sélection - Carrefour Belgium;0.2;0;0;1520;0;27.4;0.2
Sausage. farm sausage - Carrefour - Carrefour Belgium;0.9;0;0;361;0;16;0
Salami Without Look 120 g - Carrefour - Carrefour Belgium;0.4;0;0;1092;0;20.3;0.2
Ham. serrano STG - Carrefour Discount - Carrefour Belgium;0.9;0;0;1800;0;30;0.5
Patty. poultry with figs - Carrefour - Carrefour Belgium;2;0;0;0;0;14;1
Cheese head 200g - Carrefour - Carrefour Belgium;5;0;0;600;0;15;0.5
Cheese sausage - Carrefour - Carrefour Belgium;2.5;0;0;710;0;16.6;0.2
Luncheon sausage -25% salt - Carrefour - Carrefour Belgium;3.5;0;0;641;0;9.5;1.4
Prosciutto Di Parma sliced fine - Carrefour - Carrefour Belgium;0.5;0;0;1840;0;27;0
Cordon bleu minced - Carrefour - Carrefour Belgium;15;0;0;760;0;15;1
Cordon bleu. pork meat;8;335;374;435;0;20;1
Burger. dino - Carrefour Kids - Carrefour Belgium;11;0;0;592;0;18;1
Butter hamworst in can - Zwan - Unilever Belgium N.V.;6.3;0;0;678;0;10.6;0.1
York fillet discount - Carrefour - Carrefour Belgium;1;0;0;1000;0;21;0.5
Minced meat pork-beef 1250g - Carrefour Discount - Carrefour Belgium;5.9;0;0;706;0;15.9;1.4
Bacon breakfast 100g - Carrefour BIO - Carrefour Belgium;0;0;0;1440;0;17.5;0
Ardennes sausage IGP 150g - Carrefour - Carrefour Belgium;1.2;0;0;1200;0;24;0.5
Bacon. breakfast. smoked. -25% salt - Carrefour - Carrefour Belgium;0.5;0;0;800;0;17.4;0.5
Pate poultry 150g - Carrefour - Carrefour Belgium;2.2;0;0;680;0;8.8;1.5
Pâté with figs and porto - Carrefour - Carrefour Belgium;1.5;0;0;600;0;13.6;0.5
Chicken gyros - Carrefour - Carrefour Belgium;5;0;0;253;0;12.3;2.7
Chicken ham;1.2;375;339;787;0;20;1
Pate. feta and dried tomatoes - Carrefour - Carrefour Belgium;8.4;0;0;710;0;8.9;7.7
Sausage. pork and beef sausage - Carrefour BIO - Carrefour Belgium;0.5;0;0;0;0;17;0
blood sausage with biscoff - Carrefour - Carrefour Belgium;8;0;0;600;0;10.1;4
Turkey mini skewers - Carrefour - Carrefour Belgium;1.9;0;0;434;0;22.9;0.4
Turkey pork roulade with pistachio nuts - Carrefour - Carrefour Belgium;1.3;0;0;904;0;15.6;1.3
Sausage. samba with ganda cheese - Carrefour - Carrefour Belgium;2.7;0;0;910;0;16.2;0.7
Sausage. samba with 4 peppers - Carrefour - Carrefour Belgium;3.2;0;0;830;0;15.5;1
Sausage. samba with herbs - Carrefour - Carrefour Belgium;3;0;0;882;0;15.5;0.8
Sausage. dry sausage nature - Carrefour - Carrefour Belgium;1.3;0;0;1960;0;32.1;0.5
Snack. poulet à l'italienne - Carrefour - Carrefour Belgium;1;0;0;400;0;23;0.1
Chicken fillet with goji berries and poppy seeds - Carrefour - Carrefour Belgium;1;0;0;700;0;18;0.6
Snack. chicken Indian style - Carrefour - Carrefour Belgium;1;0;0;900;0;23;0.1
Beef stew flemish-style - Carrefour - Carrefour Belgium;5.8;0;0;460;0;8.7;2.3
Pepper salami. 150g - Carrefour - Carrefour Belgium;4.5;0;0;1400;0;18.6;0.5
Pheasant without skin. roasted;0;400;310;100;0;32.5;0
Bruschetta tomatino turkey fillet - Carrefour - Carrefour Belgium;1;0;0;760;0;20;0.7
Italian raw ham. organic - Carrefour BIO - Carrefour Belgium;0;0;0;2100;0;25.8;0
Ham cooked with champagne and truffle - Carrefour Sélection - Carrefour Belgium;0.6;0;0;851;0;22.9;0.6
Duo Block Gänsestopfleber 80g - Carrefour - Carrefour Belgium;2.3;0;0;440;0;7.1;2.1
Minced meat pork-beef discount - Carrefour Discount - Carrefour Belgium;2.4;0;0;670;0;15;1
Salad. chicken andalouse 200g - Carrefour - Carrefour Belgium;4.5;0;0;560;0;11;4
Duo block of duck foie gras 40g - Carrefour - Carrefour Belgium;2;0;0;440;0;6.4;1.6
Minced meat pork/veal w/o salt/spices - Carrefour - Carrefour Belgium;0;0;0;220;0;17;0
Cocktail sausages. organic - Carrefour BIO - Carrefour Belgium;0.7;0;0;800;0;13;0.7
Slice of marinated pork - Carrefour - Carrefour Belgium;1.6;0;0;600;0;19;1.5
Ham from the ardennes - Carrefour - Carrefour Belgium;1.3;0;0;2040;0;28;0.5
Ham minced sliced - Delhaize - Delhaize groupe;1.2;0;0;750;0;20.5;0.2
Sausages wiener. 6 pieces - Carrefour - Carrefour Belgium;1;0;0;680;0;11;1
Sausages frankfurt. 5 pieces - Carrefour - Carrefour Belgium;1;0;0;680;0;11;1
Chicken chipolata nature - Carrefour - Carrefour Belgium;2;0;0;600;0;17;1
Breakfast bacon smoked. discount - Carrefour Discount - Carrefour Belgium;0.3;0;0;1200;0;15.3;0.3
breakfast bacon salted 250 g - Carrefour - Carrefour Belgium;0.5;0;0;1500;0;15.6;0.3
Chicken fillet without antibiotics - Carrefour - Carrefour Belgium;3.6;0;0;750;0;19.7;2.2
Meatballs without antibiotics - Carrefour - Carrefour Belgium;6;0;0;700;0;17.6;1.1
Bacon smoked without antibiotics - Carrefour - Carrefour Belgium;0;0;0;1272;0;18;0
Chicken strips wok - Carrefour - Carrefour Belgium;0.2;0;0;200;0;22.8;0.1
Chicken top legs parika - Carrefour - Carrefour Belgium;0.5;0;0;440;0;16;0.5
White tripe from Liège - Carrefour - Carrefour Belgium;4.7;0;0;640;0;9.8;0.5
White tripe no gluten - Carrefour - Carrefour Belgium;7.1;0;0;659;0;10.2;0.9
Wild boar sausage with mushrooms - Carrefour - Carrefour Belgium;1.5;0;0;841;0;14;0.8
Cooked ham - croque monsieur - Carrefour - Carrefour Belgium;0;0;0;0;0;17.2;0
Roasted Liege meatballs 4x85g - Carrefour - Carrefour Belgium;9;0;0;640;0;14;3.8
Turkey ham with parsley - Carrefour - Carrefour Belgium;1.5;0;0;760;0;17;0
Duroc ham - Carrefour - Carrefour Belgium;0.4;0;0;1240;0;29.7;0.3
Empty finch pig / calf - Carrefour - Carrefour Belgium;0;0;0;374;0;17.3;0
Serrano ham FQC - Carrefour Filière qualité - Carrefour Belgium;0.9;0;0;1330;0;30.4;0.9
Filet américain prepare from the chef with onion - Carrefour - Carrefour Belgium;1.9;0;0;400;0;13;1.6
Braised pork ham yore FQC - Carrefour Filière qualité - Carrefour Belgium;0;0;0;840;0;20;0
Salad. curry chicken 120g - Carrefour - Carrefour Belgium;2.2;0;0;538;0;9.3;1.8
Ham with bone FQC - Carrefour Filière qualité - Carrefour Belgium;0.6;0;0;792;0;21.6;0.6
Ham on the bone 150g - Carrefour - Carrefour Belgium;1;0;0;720;0;21.7;0.6
Ham oven baked tradition - Imperial - Imperial Meat Products;0.7;0;0;708;0;21.8;0.7
Salad. scandinave - Carrefour - Carrefour Belgium;2.4;0;0;509;0;8.7;1.1
Salad. smoked chicken - Delhaize - Delhaize groupe;1.8;0;0;380;0;13.7;1.1
Salad. meat salad 120g - Carrefour - Carrefour Belgium;2.2;0;0;574;0;4.4;1.6
Salad. chicken with pepper - Carrefour - Carrefour Belgium;4;0;0;611;0;12;2.3
Chicken skewer Texas - Carrefour - Carrefour Belgium;2;0;0;680;0;19.3;1.1
Smoked bacon 125g - Carrefour - Carrefour Belgium;0.5;0;0;1520;0;21;0.5
Smoked bacon -25% salt - Carrefour - Carrefour Belgium;0.5;0;0;800;0;17.4;0.5
Chorizo FQC 125g - Carrefour Filière qualité - Carrefour Belgium;3.4;0;0;1360;0;18;0.9
Filet d'Anvers 125g - Carrefour - Carrefour Belgium;0.7;0;0;1309;0;17.8;0.4
Filet d'Anvers 135g - Carrefour - Carrefour Belgium;0.6;0;0;1280;0;23;0.6
Saxe fillet 125g - Carrefour - Carrefour Belgium;0.3;0;0;1520;0;21;0.3
Saxony fillet. fat;0;455;198;1995;0;24;0
Chicken fillet with curry 125g - Carrefour - Carrefour Belgium;1.2;0;0;1000;0;19;0.8
Chicken fillet with herbs - Carrefour - Carrefour Belgium;0.8;0;0;680;0;19.5;0.7
Defatted ham 125g - Carrefour - Carrefour Belgium;0.8;0;0;736;0;20.4;0.8
Degreased ham - Aubel - Detry S.A.;0.1;0;21;560;0;21;0.1
Ham with Italian herbs 125g - Carrefour - Carrefour Belgium;0.8;0;0;736;0;20.4;0.8
Smoked bacon. 125g - Carrefour - Carrefour Belgium;0.9;0;0;1280;0;19.2;0.9
Smoked bacon. 2x100g - Carrefour - Carrefour Belgium;0.5;0;0;1200;0;17.4;0.5
Strasbourg meatloaf 125g - Carrefour - Carrefour Belgium;4.6;0;0;680;0;11.8;3
Meatloaf 125g - Carrefour - Carrefour Belgium;6.8;0;0;780;0;14;0.7
Meatloaf 150g - Carrefour - Carrefour Belgium;5.7;0;0;672;0;14;2
Country pâté 125g - Carrefour - Carrefour Belgium;2;0;0;760;0;11.5;0.6
Country Pâté 150g - Carrefour - Carrefour Belgium;1.2;0;0;0;0;14;0.4
Cream paté125g - Carrefour - Carrefour Belgium;2.5;0;0;800;0;10;0
Crépinettes 2 pieces - Carrefour - Carrefour Belgium;2;0;0;770;0;15;2
salami. with garlic 125g - Carrefour - Carrefour Belgium;0.7;0;0;1560;0;21;0.7
Salami fin bec 125g - Carrefour - Carrefour Belgium;1.4;0;0;1400;0;22.3;0.9
Salami Finbec - Imperial - Imperial Meat Products;0.1;0;0;1185;0;18.5;0.1
Salami. without garlic 125g - Carrefour - Carrefour Belgium;0.7;0;0;1560;0;21;0.2
Luncheon ham. 125g - Carrefour - Carrefour Belgium;5;0;0;760;0;10.5;1.1
Luncheon meat Delhaize - Delhaize - Delhaize groupe;5.5;0;0;850;0;12.5;2.5
Veal sausage. 125g - Carrefour - Carrefour Belgium;4.8;0;0;800;0;11;1.2
Veal sausage. slices - Delhaize - Delhaize groupe;4.5;0;0;800;0;11.5;0.9
Ham with bone discount - Carrefour Discount - Carrefour Belgium;0.7;0;0;747;0;22;0.7
sausage. samba spicy - Carrefour - Carrefour Belgium;5.4;0;0;833;0;15.1;2.3
Fuet. extra 170g - Carrefour - Carrefour Belgium;0.5;0;0;1800;0;31.7;0.5
Gallia dry cured ham - Imperial - Imperial Meat Products;0.4;0;0;2203;0;27.9;0.4
Ham of teruel. AOP - Carrefour - Carrefour Belgium;1.3;0;0;2040;0;33;0.7
Ham off the bone. cooked;0.7;339;163;750;0;21.5;0.7
Mortadella 150g - Carrefour - Carrefour Belgium;0;0;0;1040;0;17;0
Mortadella Bologna I.G.P. - Carrefour Sélection - Carrefour Belgium;0.7;0;0;1000;0;16.5;0.7
Salame nostrano 120g - Carrefour - Carrefour Belgium;0;0;0;1760;0;29;0
Ham. gran antipasto 130g - Carrefour - Carrefour Belgium;0;0;0;1840;0;28;0
Pancetta. 120g - Carrefour - Carrefour Belgium;0;0;0;1080;0;14;0
Paris with garlic smoked - Herta - Nestlé Belgilux S.A.;0.6;0;0;920;0;17.5;0.6
Italian sausage with fennel. 120g - Carrefour - Carrefour Belgium;0.8;0;0;1400;0;24;0
Italian raw ham. prosciutto crudo - Carrefour - Carrefour Belgium;0;0;0;2000;0;29;0
Italian ham. 100g express - Carrefour - Carrefour Belgium;0;0;0;2400;0;29;0
Ganda ham. 100g express - Carrefour - Carrefour Belgium;0.5;0;0;2200;0;30;0.5
Salami. Farmer's ring 100g - Carrefour - Carrefour Belgium;2.2;0;0;1400;0;18.5;0.6
Serrano ham. express - Carrefour Filière qualité - Carrefour Belgium;0.5;0;0;2120;0;31;0.5
Bacon natur 2x100g - Carrefour - Carrefour Belgium;0.5;0;0;1200;0;17.4;0.5
Smoked bacon strips 2x100g - Carrefour - Carrefour Belgium;0.5;0;0;1200;0;17.4;0.5
Cooked ham. 6 thick slices - Carrefour - Carrefour Belgium;0.3;0;0;930;0;21.4;0.3
Sausage. garlic Discount - Carrefour Discount - Carrefour Belgium;4;0;0;600;0;10;0.3
Breakfast bacon 365 - Delhaize - 365 - Delhaize groupe;0.5;0;0;960;0;14.7;0.5
Salad. chicken. tomato/basil - Delhaize - Delhaize groupe;3.5;0;0;490;0;11;2
Ham. serrano sliced maxi pack - Delhaize - Delhaize groupe;0.2;0;0;2100;0;31;0.2
Minced meat. poultry. seasoned. raw;0;363;173;891;0;17.8;0
Minced meat. roasted;6.2;349;298;500;0;13.5;1.6
Meatballs. Liège meatballs - Delhaize - Delhaize groupe;8.6;0;0;900;0;13.1;8.6
Nuggets. chicken cheese - Iglo - Iglo Belgium SA/NV;22.4;0;0;470;0;14.8;0.6
Nuggets. chicken nuggets - Iglo - Iglo Belgium SA/NV;22;0;0;480;0;14.3;0.5
Strasbourg sliced ??bread 365 - Delhaize - 365 - Delhaize groupe;5;0;0;880;0;11;1
Minced meat. beef. unseasoned. raw;0;346;198;66;0;20;0
Minced meat. beef-pork. seasoned. raw;0;319;163;631;0;17.9;0
Meatloaf. coarse grain;5;286;234;800;0;14.5;1.1
Meatloaf. fine - Saint Alby - Lidl Belgium GmbH;5.1;0;0;600;0;12.9;1.1
Sausage. ardenner marcachouffe with garlic - Marcassou - Champlon Salaison S.A.;3.5;0;0;1574;0;26;3.5
Sausage. poultry. raw;0;380;177;310;0;18.9;0
Sausage. prague ring 125g - Carrefour - Carrefour Belgium;5.3;0;0;640;0;11.2;1.5
Salami;0.3;293;0;1370;0;19.8;0.2
Salami 120g - Weight Watchers - Imperial Meat Products;0.2;0;0;1151;0;21;0.1
Pâté. country style;2.5;318;306;708;0;14.9;1
Paté. cranberry - Delhaize - Delhaize groupe;14;0;0;600;0;11;8.3
Pâté. liver pasty;3.2;0;0;0;0;12.2;2.2
paté. Liver paté in slices - Delhaize - Delhaize groupe;2.6;0;0;840;0;12.4;2.2
Sausages. slices d'Apéro - Marcassou - Champlon Salaison S.A.;0.1;0;0;1631;0;25;0.1
Head cheese piece - Delhaize - Delhaize groupe;1;0;0;600;0;14;0.3
Head cheese tomato - Dulano - Lidl Belgium GmbH;4;0;0;400;0;11;3
Ham. Ibérico de cebo - Carrefour Sélection - Carrefour Belgium;1;0;0;2160;0;33;0.5
Meatballs with pork - Carrefour Discount - Carrefour Belgium;11;0;0;880;0;12;1.3
Ham with Italian Herbs - Carrefour Sélection - Carrefour Belgium;1.3;0;0;652;0;22;1.3
Meatballs nature - Carrefour - Carrefour Belgium;3.8;0;0;356;0;7;0.1
Meatballs old-fashioned way - Carrefour - Carrefour Belgium;5.3;0;0;640;0;12.6;1.7
Chorizo iberico cebo - Carrefour Sélection - Carrefour Belgium;1.7;0;0;1200;0;23;0.5
Liver cream - Zwan - Unilever Belgium N.V.;1.9;0;0;750;0;11.3;1.4
Liver pie 43g - Zwan - Unilever Belgium N.V.;3.3;0;0;790;0;11.4;0.6
Sauerkraut. package - Delhaize - Delhaize groupe;1.5;0;0;700;0;8.7;0.4
Sausage lunch - Delhaize - Delhaize groupe;4.9;0;0;660;0;15.4;0.7
Pork. loin. roasted;0;433;225;285;0;28.3;0
Pork. mignonnet. grilled;0;0;218;0;0;25.3;0
Bacon. smoked. salted;0.5;337;245;1532;0;22.7;0.2
Bacon. streaky bacon sliced - Delhaize - Delhaize groupe;2.5;0;0;1380;0;37.7;0.1
Ham. raw. smoked;0.5;320;245;1944;0;24.4;0.3
Ham. raw. type Serrano;0.2;544;281;2200;0;27;0.1
Ham. cooked. Meesterlyck;0.7;308;261;747;0;21.1;0.7
Ham. cooked. organic - Carrefour BIO - Carrefour Belgium;2.3;0;0;820;0;20.7;2.3
Sausage. white. cooked;8.8;182;57;637;0;10;1.1
Sausages country dried;1.4;490;360;1591;0;23;1.4
Sausage. Luncheon meat veal;4.5;127;150;900;0;11.5;0.9
Sausage. marcachouffe 30% MG 200g - Imperial - Imperial Meat Products;0.2;0;0;1887;0;29.8;0.1
Luncheon sausage 90g - Aoste Authentique - Imperial Meat Products;3.4;0;0;880;0;10;1.3
Salami d'Ardenne with garlic sliced n°52 - Delhaize - Delhaize groupe;0.2;0;0;1800;0;25.6;0.1
Ham. cooked Superano - Superano Cotto - Grega B.V.B.A.;0;0;0;400;0;21;0
Beef. smoked. fillet;0.6;268;190;3100;0;22.9;0
Black forest ham 125g - Carrefour - Carrefour Belgium;1;0;0;880;0;26;0.2
Luncheon meat. ham;2.9;158;0;900;0;11;0.9
Luncheon sausage - traiteur - Carrefour - Carrefour Belgium;2.9;0;0;752;0;11;0.7
Ham. shoulder. cooked;0;375;192;863;0;18.2;0
Ham. shoulder. cooked. defatted in slices - Delhaize - Delhaize groupe;0.2;0;0;960;0;20.2;0.2
Breakfast bacon. smoked;0.5;359;295;1033;0;16.9;0.5
Brochette. beef mini - Carrefour - Carrefour Belgium;0;0;0;0;0;23.4;0
Chicken breast 100% - Aoste Feuilletine - Imperial Meat Products;1.6;0;0;1009;0;21;1.4
Ham. cooked Masterly 90g - Aoste Feuilletine - Imperial Meat Products;0.3;0;0;951;0;19;0.3
Chicken breast sliced 365 - Delhaize - 365 - Delhaize groupe;2.5;0;0;800;0;16;0.1
Salami. royal salami - Delhaize - Delhaize groupe;0.1;0;0;1400;0;18.2;0.1
Salami. Salame Felino IGP sliced - Delhaize - Delhaize groupe;0.5;0;0;1700;0;30.5;0.5
Sausages. Ardennes without garlic 270g - Marcassou - Champlon Salaison S.A.;0.1;0;0;1631;0;25;0.1
Sausage. dry sausage with Reblochon - Delhaize - Delhaize groupe;2.9;0;0;1200;0;29.2;2.9
Sausages. Ardennes without garlic 225g - Marcassou - Champlon Salaison S.A.;0.1;0;0;1631;0;25;0.1
Sausage. Ardenner marcachouffe without garlic - Marcassou - Champlon Salaison S.A.;3.5;0;0;1574;0;26;3.5
Sausages. Ardennes with garlic 225g. 270g - Marcassou - Champlon Salaison S.A.;0.1;0;0;1631;0;25;0.1
Ham. Ardenner ham 80g - Marcassou - Champlon Salaison S.A.;0.2;0;0;2100;0;26;0.2
Ham. Ardennes ham 20g - Souvenir du Terroir - Carrefour Belgium;2.7;0;0;1800;0;24;0
Salami. Turkey Dindo 230g - Bistro - Imperial Meat Products;0.2;0;0;2164;0;31;0.2
Salami patron 230g - Bistro - Imperial Meat Products;0.2;0;0;1613;0;25.3;0.2
Salami patron pure pork atmos - Bistro - Imperial Meat Products;0.3;0;0;1783;0;24.4;0.3
Ham. cooked. barbecue small Masterly - Imperial - Imperial Meat Products;0.7;0;0;747;0;21.5;0.7
Filet de Saxe - Imperial - Imperial Meat Products;0.3;0;0;1442;0;26;0.3
Filet de Saxe 100g - Saint Alby - Lidl Belgium GmbH;1.5;0;0;1360;0;22.4;0.9
Ham. country style. deboned. smoked - Imperial - Imperial Meat Products;0.6;0;0;2085;0;24.4;0.6
Ham. Cobourg. young extra sweet smoked - Imperial - Imperial Meat Products;0.5;0;0;1760;0;24;0.5
Ham. Teruel ham sliced - Delhaize - Delhaize groupe;1.2;0;0;1600;0;30.9;1.2
Ham. wellness - Aubel - Detry S.A.;0.1;360;0;600;0;25.6;0.1
Ham. cooked. Leielander Masterly - Imperial - Imperial Meat Products;0.7;0;0;747;0;21.5;0.7
Luncheon sausage red - Cornby - Dacor;2.6;0;0;787;0;10.7;1.1
Luncheon sausage with garlic - Cornby - Dacor;2.6;0;0;787;0;10.7;1.1
Meatloaf - Cornby - Dacor;3.4;0;0;815;0;13.2;2.1
Meatloaf 150g - Herta - Nestlé Belgilux S.A.;5;0;0;940;0;16.7;2.6
Sausage. Pariser - Cornby - Dacor;2.2;0;0;756;0;14;1.3
Sausage. ail 300g - Delhaize - Delhaize groupe;4.7;0;0;1020;0;12.3;2.2
Chickenbreast. grilled - Cornby - Dacor;1.4;0;0;1125;0;16.9;0.7
Pate. block - Cornby - Dacor;3.2;0;0;874;0;12.7;3.2
Pate. country pâté traiteur - Carrefour - Carrefour Belgium;3;0;0;680;0;11;1.2
Salami pure pork - Bistro - Imperial Meat Products;0.3;0;0;1783;0;24.4;0.3
Salami pure pork 90g - Aoste Feuilletine - Imperial Meat Products;0.1;0;0;1441;0;24;0.1
Salami milano - Imperial - Imperial Meat Products;0.7;0;0;1385;0;17.6;0.7
Salami Milano sliced - Delhaize - Delhaize groupe;0.6;0;0;1500;0;26.5;0.6
Ham. cooked. traditional. mandolino - Imperial - Imperial Meat Products;1.2;0;0;747;0;20.5;1.2
Chickenfillet maison - Cornby - Dacor;1.6;0;0;1009;0;20.9;1.4
Salami. turkey pepino - Imperial - Imperial Meat Products;0.2;0;0;1377;0;23.1;0.2
Salami. turkey pepino - Imperial - Imperial Meat Products;0.2;0;0;1377;0;23.1;0.2
Ham with bone. Leielander Masterly - Imperial - Imperial Meat Products;0.7;0;0;747;0;21.5;0.7
Salami gelderland country ring sausage - Imperial - Imperial Meat Products;0.1;0;0;1469;0;22.8;0.1
Salami popular without garlic - Imperial - Imperial Meat Products;0.1;0;0;1294;0;19.1;0.1
Ham. cooked. braised leielander masterly - Imperial - Imperial Meat Products;0.7;0;0;747;0;21.5;0.7
Turkey breast maison - Cornby - Dacor;1;0;0;757;0;21.3;1
Turkey chiffonade with herbs 125g - Carrefour - Carrefour Belgium;0.5;0;0;780;0;21;0.5
Salami Kalabasja - Imperial - Imperial Meat Products;0.1;0;0;1180;0;18.5;0.1
Salami light in slices - Delhaize - Delhaize groupe;1;0;0;1200;0;28;1
Salami. peppered eecloonaar - Imperial - Imperial Meat Products;1;0;0;1266;0;20;0.3
Salami without garlic Swing - Imperial - Imperial Meat Products;0.1;0;0;1294;0;19.1;0.1
Salami. horse Pikanti - Imperial - Imperial Meat Products;0.5;0;0;1338;0;21.5;0.5
Salami. horsemeat. Boulogne;3.3;351;175;1400;0;20;1.8
Salami. gelderland country ring butcher's label - Imperial - Imperial Meat Products;0.1;0;0;1469;0;22.8;0.1
Smoked sausage - Sainte Alliance - Schots N.V.;6.7;0;0;0;0;11.8;0
Smoked sausage 250g - Carrefour - Carrefour Belgium;1;0;0;900;0;15;0.3
Chorizo mild - Carrefour - Carrefour Belgium;1.1;0;0;1400;0;21;0.5
Chorizo spicy FQC - Carrefour Filière qualité - Carrefour Belgium;0.7;0;0;1320;0;20;0
Ham. cooked ham of Westphalia in slices - Delhaize - Delhaize groupe;1;0;0;800;0;21;1
Ham. Smoked sliced - Delhaize - Delhaize groupe;0.5;0;0;2400;0;24;0.5
Ham. smoked Superior - Herta - Nestlé Belgilux S.A.;0.4;0;0;760;0;21;0.4
Pork loin. braised 4 large slices - Delhaize - Delhaize groupe;1.8;0;0;800;0;19;1.8
Sausage. garlic. chicken Chicken saveloy 2 parts - Delhaize - Delhaize groupe;2.4;0;0;890;0;13.2;1.4
Ham. ham heart - Delhaize - Delhaize groupe;0.9;0;0;760;0;23;0.9
Ham. ham Masterly - Ancienne Belgique - Lidl Belgium GmbH;0.7;0;0;750;0;20.6;0.7
Ham. ham off the bone cooked in sliced n°39 - Delhaize - Delhaize groupe;0.7;0;0;750;0;21.5;0.7
Bacon. crispy smoked streaky - Delhaize - Delhaize groupe;3;0;0;2800;0;51.7;2.8
Ham. cooked. degreased in slices - Delhaize - Delhaize groupe;1;0;0;800;0;21.5;1
Filet de Saxe smoked - Delhaize - Delhaize groupe;1;0;0;1600;0;23;1
Filet de Saxe Wellness - Aubel - Detry S.A.;0.3;0;0;980;0;23.7;0.3
Ham. julienne - Delhaize - Delhaize groupe;3;0;0;800;0;21;3
Ham. lomo - Carrefour Filière qualité - Carrefour Belgium;1.2;0;0;2330;0;35.2;0.9
Ham. Cobourg. smoked in slice - Delhaize - 365 - Delhaize groupe;0.5;0;0;2400;0;24;0.5
Pâté crème in sliced - Delhaize - Delhaize groupe;2.4;0;0;870;0;12.7;2.4
pate in block 30g - Carrefour - Carrefour Belgium;2.6;0;0;840;0;12;2.2
Salami without garlic 150g - Lemaître - Delhaize groupe;0.9;0;0;1800;0;22.9;0.1
Ham. Italian in slices. prosciutto crudo - Delhaize - Delhaize groupe;0.2;0;0;2400;0;28.2;0.1
Bacon. smoked bacon with rind and creak - Delhaize - Delhaize groupe;0.4;0;0;1100;0;17.5;0.1
Salted bacon in slices - Delhaize - Delhaize groupe;0.4;0;0;1100;0;17.5;0.1
Salty bacon thick slices - Carrefour - Carrefour Belgium;0.3;0;0;1200;0;17;0.3
Bacon. smoked bacon strips - Delhaize - Delhaize groupe;1;0;0;1600;0;20.6;1
Luncheon sausage in slices - Delhaize - Delhaize groupe;1.2;0;0;750;0;12.3;0.4
Ham cooked. traditional n°36 - Delhaize - Delhaize groupe;0.7;0;0;750;0;21.5;0.7
Sausage. Strasbourg - Delhaize - Delhaize groupe;5;0;0;800;0;12;1
Sausage. table sausage 400g. 650g - Marcassou - Champlon Salaison S.A.;0.2;0;0;1577;0;21;0.1
Salami. Napoli 100g - Delhaize - Delhaize groupe;1.5;0;0;1100;0;24;1.5
Salami. pain d'Ardenne;0.1;493;322;1647;0;28.2;0.1
Salami. Spinata Romana - Delhaize - Delhaize groupe;0.5;0;0;1700;0;30.5;0.5
Salami. Spinata romana 120g - Carrefour Sélection - Carrefour Belgium;0.1;0;0;1600;0;27;0.1
Bacon. smoked bacon without rind sliced - Delhaize - Delhaize groupe;0.3;0;0;1200;0;22;0.2
Salami chorizo Ibérico de cebo - Delhaize - Taste of Inspirations - Delhaize groupe;1.7;0;0;1500;0;27;0.7
Ham. oven baked in slices - Delhaize - Delhaize groupe;0.5;0;0;600;0;21.6;0.5
Ham. cooked. traditional;0.7;397;212;750;0;21.5;0.7
Ham. cooked. traditional sliced 365 - Delhaize - 365 - Delhaize groupe;1;0;0;800;0;21.5;1
Pâté crème 125g - Lemaître - Delhaize groupe;4.5;0;0;900;0;9.6;1.2
Pâté crème 150g - Aoste Authentique - Imperial Meat Products;4.5;0;0;669;0;11;3.1
Ham. Pata Negra Jamones - Delhaize - Taste of Inspirations - Delhaize groupe;1.3;0;0;1650;0;29.4;1
Salami chorizo. spicy campesino - Delhaize - Delhaize groupe;0.8;0;0;1200;0;23.4;0.8
Ham. Pata Negra Cana de Lomo - Delhaize - Taste of Inspirations - Delhaize groupe;0.7;0;0;1250;0;36.7;0.7
Grison meat sliced - Delhaize - Delhaize groupe;1.5;0;0;1900;0;38;1
Grison meat. dried;1.3;582;267;1900;0;39.5;1
Paste. pheasant block - Delhaize - Delhaize groupe;1.1;0;0;630;0;15;1
Paste. pheasant crust pie - Delhaize - Delhaize groupe;11.7;0;0;700;0;14.6;2.5
Ham. smoked Ardenner fillet 100g - Marcassou-Delhaize - Imperial Meat Products;0.9;0;0;1778;0;28.1;0.9
Luncheon sausage in block - Lemaître - Delhaize groupe;7;0;0;900;0;11;1.1
Smoked bacon in cubes 200g - Lemaître - Delhaize groupe;1;0;0;1400;0;14;1
Smoked bacon in cubes economy pack. maxi pack - Delhaize - Delhaize groupe;0.5;0;0;1280;0;19;0.5
Salami. sliced ??pork pure rosette - Delhaize - Delhaize groupe;0.4;0;0;1980;0;26.1;0.4
Filet d'Anvers;0.8;459;241;1660;0;21.9;0.7
Filet d'Anvers 80g - Dulano - Lidl Belgium GmbH;0.9;0;0;1400;0;22.9;0.9
Chicken fillet with garden herbs slices - Delhaize - Delhaize groupe;1;0;0;830;0;20.7;1
Bacon. smoked bacon thinly sliced - Delhaize - Delhaize groupe;1.9;0;0;1100;0;22.6;1.2
Rolled meat of turkey in sliced - Delhaize - Delhaize groupe;1.3;0;0;890;0;15.8;1.3
Chicken breast in sliced - Delhaize - Delhaize groupe;1.5;0;0;720;0;19;1.1
Chicken fillet with herbs from the garden. sliced - Delhaize - Delhaize groupe;1.5;0;0;720;0;19;1.1
Ham baked in oven in slices - Delhaize - Delhaize groupe;2.3;0;0;800;0;18.5;2.3
Chicken fillet sliced - Delhaize - Delhaize groupe;1.2;0;0;1120;0;18.9;0.8
Chicken fillet sliced bio - Delhaize - BIO - Delhaize groupe;2;0;0;720;0;20;2
Snack. aperitif. chorizo - Delhaize - Delhaize groupe;2.6;0;0;1300;0;24.2;1.2
Chicken fillet. Mediterranean. Jalapeno slices - Delhaize - Delhaize groupe;1.2;0;0;1120;0;18.9;0.8
Sausage. ordinary White tripe - Aubel - Detry S.A.;2.5;0;16;470;0;10;0
Sausage. ordinary Blood tripe - Aubel - Detry S.A.;1.7;0;10;640;0;13;0.9
Pâté baked in oven - Aubel - Detry S.A.;2.5;0;31;580;0;16.5;0
Pâté baked in oven in slices - Delhaize - Delhaize groupe;2.5;0;0;590;0;16;1
Headcheese from Ghent - Aubel - Detry S.A.;1.1;0;7;400;0;14;0
Headcheese in tomato sauce;4;0;0;710;0;13.9;2.7
Fillet of Bastogne - Aubel - Detry S.A.;0.5;0;23;1500;0;25.5;0
Fillet of Saxony without antibiotics - Carrefour - Carrefour Belgium;0.8;0;0;1330;0;24.1;0.5
Salad. chicken in spanish way - Delhaize - Delhaize groupe;3;0;0;310;0;11.2;1.5
Meatballs in tomato sauce 210g - Zwan - Unilever Belgium N.V.;6.3;0;0;558;0;7.2;2.7
Sausages with tomato sauce - Zwan - Unilever Belgium N.V.;5.7;0;0;310;0;5.9;1.7
Salami. ring sausage. pure pork - Delhaize - Delhaize groupe;0.3;0;0;1800;0;27.6;0.3
salami garlic-free 365 - Delhaize - 365 - Delhaize groupe;0.5;0;0;1000;0;20;0.2
Ham. cooked lightly fried for extra flavor - Weight Watchers - Imperial Meat Products;1.3;0;0;664;0;22.3;1.3
Horsemeat smoked - Equinox - Equinox N.V.;1;0;0;1920;0;24;1
Horsemeat smoked 135g - Carrefour - Carrefour Belgium;1.9;0;0;1360;0;23;1.9
Turkey breast in slices bio - Delhaize - BIO - Delhaize groupe;2.3;0;0;800;0;20.5;2.3
Ham. cooked black forest - Delhaize - Delhaize groupe;0.5;0;0;1700;0;22.3;0.5
Ham. cooked ham - sandwich - Delhaize - Delhaize groupe;1;0;0;760;0;21.5;1
Sausage. fuet. Spanish - Delhaize - Delhaize groupe;2.1;0;0;1730;0;29.3;2.1
Ham. defatted & rindless ham Meesterlyck - Carrefour - Carrefour Belgium;0.4;0;0;770;0;22;0.4
Turkey fillet 150g - Carrefour - Carrefour Belgium;0.5;0;0;780;0;21;0.5
Turkey ham;1;370;300;810;0;21;0.7
Head cheese in tomato sauce 200g - Carrefour - Carrefour Belgium;5;0;0;752;0;14;2.5
Ham. Italian 100g - Carrefour - Carrefour Belgium;0.1;0;0;2316;0;27;0.1
Ham. italian ham - traiteur - Carrefour - Carrefour Belgium;0.1;0;0;2000;0;26;0.1
Porchetta - Delhaize - Delhaize groupe;4;0;0;880;0;18;1.5
Pork and beef in can - Zwan - Unilever Belgium N.V.;4.6;0;0;850;0;11.4;0
Ham. Speck Alto Adige IGP - Delhaize - Taste of Inspirations - Delhaize groupe;0.5;0;0;1480;0;28.4;0.3
Roast pork. toascaans - Carrefour Sélection - Carrefour Belgium;1;0;0;800;0;19;1
Salami maison - Imperial - Imperial Meat Products;0.1;0;0;1269;0;18.7;0.1
Meatloaf in slices n°55 - Delhaize - Delhaize groupe;3.7;0;0;680;0;17.1;2
Headcheese. pork;1;69;80;560;0;14.5;0.3
Ham. italian ham 40g - Carrefour - Carrefour Belgium;0.5;0;0;2400;0;31;0.5
Beef burger organic - Carrefour BIO - Carrefour Belgium;0.4;0;0;400;0;20;0
Duck. duck confit - Delhaize - Delhaize groupe;0;0;0;700;0;21.6;0
Sausage of Paris. 125g - Carrefour - Carrefour Belgium;3;0;0;800;0;15;1.2
Sausage. mini marcassou family pack - Marcassou - Champlon Salaison S.A.;0.2;0;0;1574;0;28;0.2
Tapas. iberian - Carrefour Sélection - Carrefour Belgium;1;0;0;2160;0;33;0.4
Luncheon meat in slices - Delhaize - Delhaize groupe;0.8;0;0;800;0;12.4;0.6
Grisonmeat. dried 100g - Carrefour - Carrefour Belgium;1;0;0;1900;0;41;1
Minced meat. seasoned. beef. raw;1.7;283;0;568;0;16;0.3
Sausage. Bifi midget nature - Bifi - Unilever Belgium N.V.;0.8;0;0;1100;0;22;0.8
Chicken Nuggets 500g - Carrefour - Carrefour Belgium;17;0;0;520;0;10;2.3
Ham of Savoy - Delhaize - Delhaize groupe;1.2;0;0;2600;0;31.6;1.1
Minced meat. pork and beef mince 600g - Carrefour - Carrefour Belgium;4.7;0;0;689;0;16.4;0.7
Head cheese of Ghent - Carrefour - Carrefour Belgium;0;0;0;600;0;16;0
Meatballs soup - Carrefour - Carrefour Belgium;9;0;0;920;0;13;2
Hamburgers x4 - Iglo - Iglo Belgium SA/NV;1.9;0;0;0;0;16;0.5
Bacon. salted 150g - Dulano - Lidl Belgium GmbH;0.5;0;0;1520;0;21;0.5
Ham raw sliced - Delhaize - Delhaize groupe;0.5;0;0;2400;0;24;0.5
Pate Chimay - Carrefour - Carrefour Belgium;4.2;0;0;800;0;13.6;2
Salami. pavé with green pepper in slices - Delhaize - Taste of Inspirations - Delhaize groupe;2.7;0;0;2180;0;24.2;0.1
Salami Popular Hongrois - Imperial - Imperial Meat Products;0.1;0;0;1294;0;19.1;0.1
Pastrami;0.5;306;340;1150;0;21.1;0.4
Salami royal mini - Imperial - Imperial Meat Products;0.1;0;0;1397;0;18.2;0.1
Roast chickenfilet - Cornby - Dacor;4;0;0;787;0;17;0
Turkey wok strips - Carrefour - Carrefour Belgium;3.5;0;0;530;0;20.5;1.2
Minced meat. pork-calf. seasoned. raw;0;270;169;497;0;14;0
Meatloaf provençal 1/2 - Cornby - Dacor;2.4;0;0;921;0;12.8;1.4
Cocktail sausages. 14 pieces - Carrefour - Carrefour Belgium;1;0;0;680;0;11;1
Sausage. pork-veal. raw;0;280;338;836;0;18.3;0
Pate. wild boar in block - Delhaize - Delhaize groupe;5;0;0;520;0;14;1.2
Chicken Roulade. italian sliced n°48 - Delhaize - Delhaize groupe;1;0;0;720;0;16.2;1
Salad. ham-leek - Delhaize - Delhaize groupe;3.8;0;0;470;0;6.5;2.6
Chicken breast . pesto sliced n°58 - Delhaize - Delhaize groupe;0.7;0;0;1000;0;19.6;0.7
Preserved beef skewer - Carrefour - Carrefour Belgium;0.2;0;0;143;0;19;0.2
Smoked Simmental Beef Tackle - Carrefour Sélection - Carrefour Belgium;0;0;0;920;0;21;0
Ham Tyrolean Di Speck - Delhaize - Delhaize groupe;0;0;0;1800;0;26;0
Luncheon sausage with mushrooms - Cornby - Dacor;3;0;0;817;0;9.3;1.6
Sausage. parsley sausage - Carrefour - Carrefour Belgium;6.4;0;0;768;0;12;3.8
Veal. smoked - Delhaize - Delhaize groupe;5;0;0;860;0;20.2;1.7
Coppa. 120g - Carrefour - Carrefour Belgium;0;0;0;1720;0;27;0
Chicken skewer Souvlaki - Carrefour - Carrefour Belgium;0.6;0;0;450;0;21.7;0.3
Bacon. young half - Imperial - Imperial Meat Products;0.5;0;0;1652;0;26;0.5
Salami pain d'ardenne 100g - Marcassou - Champlon Salaison S.A.;0.1;0;0;1647;0;28;0.1
Bacon. smoked 150g - Dulano - Lidl Belgium GmbH;0.5;0;0;1520;0;21;0.5
Salami sticks. nature - Carrefour - Carrefour Belgium;1.8;0;0;2000;0;36;0.8
Horsemeat smoked sliced - Delhaize - Delhaize groupe;2;0;0;1560;0;23;1.6
Ham. smoked with honey edelham - Herta - Nestlé Belgilux S.A.;0.6;0;0;760;0;21;0.6
Bacon. smoked bacon sliced thick - Delhaize - Delhaize groupe;0.3;0;0;1200;0;15;0.3
Salad. surimi crab - Delhaize - Delhaize groupe;8.8;0;0;220;0;6.5;2.3
Ham. Gran Antipasto - Carrefour - Carrefour Belgium;0.5;0;0;1720;0;30;0.2
Mini meatballs 400g - Carrefour Discount - Carrefour Belgium;11;0;0;880;0;12;1.3
Beef. roastbeef. roasted;0;428;248;203;0;29.7;0
Sausage. veal sausage. yellow - Cornby - Dacor;2.6;0;0;787;0;10.7;1.1
Ham old way cooked sliced - Delhaize - Delhaize groupe;0.7;0;0;750;0;21.5;0.7
Head cheese. Kip kap - Delhaize - Delhaize groupe;0.1;0;0;700;0;13;0.1
Pork sausage. discount - Carrefour Discount - Carrefour Belgium;1;0;0;349;0;18;0.1
Chicken wings turmeric - Carrefour - Carrefour Belgium;5;0;0;200;0;17.4;0.7
Ham. coppa - Carrefour - Carrefour Belgium;0;0;0;1132;0;23;0
Pate. country pâté. 150g - Carrefour - Carrefour Belgium;2.6;0;0;680;0;11;0.9
Salami. with garlic - Carrefour - Carrefour Belgium;0.3;0;0;1100;0;19;0.2
Roasted chicken fillet - Cornby - Dacor;1;0;0;759;0;19.4;1
Hamburger Angus beef - Carrefour - Carrefour Belgium;0.9;0;0;280;0;19.2;0.6
Salami with garlic 150g - Lemaître - Delhaize groupe;0.9;0;0;1800;0;22.9;0.1
Tongue. beef. boiled - Delhaize - Delhaize groupe;1.5;0;0;760;0;20;0.7
Schnitzel. poultry. breaded;14.5;273;232;431;0;16.5;3
Cooked ham. 150g - Carrefour - Carrefour Belgium;0;0;0;800;0;19;0
Plate of sauerkraut - Delhaize - Delhaize groupe;1.4;0;0;750;0;6.1;0.9
Burger toffu grills spinach & cheese - Lima - Lima N.V.;23;0;0;350;0;11.6;0.2
Burger tofu grills falafel bio - Lima - Lima N.V.;24;0;0;480;0;9;0.8
Burger tofu grills pumpkin bio - Lima - Lima N.V.;15.5;0;0;470;0;9.6;2.3
Burger vegi grills quinoa. chickpeas primeur bio - Lima - Lima N.V.;18.8;0;0;660;0;4.5;4
Burger vegi-grills curry bio - Lima - Lima N.V.;16;0;0;360;0;4.6;4
Burger vegi-grills seitan cheese bio - Lima - Lima N.V.;18.8;0;0;425;0;17.5;0
Burger vegi-grills seitan muschroom bio - Lima - Lima N.V.;20.7;0;0;420;0;12.3;0
Burger vegi-grills seitan provence bio - Lima - Lima N.V.;12.2;0;0;440;0;14.9;0
Burger. croq'soja curry & poppy seeds bio express - Céréal Bio - 44Nutrition & Santé Benelux nv/sa;6.6;0;0;440;0;14;1.9
Burger. croq'soja on Provencal way bio express - Céréal Bio - 44Nutrition & Santé Benelux nv/sa;4;0;0;480;0;14;2.1
Burger. croq'soja with cheese bio express - Céréal Bio - 44Nutrition & Santé Benelux nv/sa;4;0;0;452;0;14;2.1
Falafel. unprepared;23.8;174;52;440;0;8.5;0.9
Meat substitute. breaded. myco-protein;14;113;160;469;0;10.5;2.5
Meat substitute. myco-protein;5.5;150;236;448;0;14;1.4
Meat substitute. seitan and soy prepared;12.2;0;0;300;0;14.9;0
Meat substitute. seitan prepared;6;155;0;400;0;21.3;0.5
Nuggets. veggie. pre-fried;16.9;0;0;770;0;14.2;2.5
Quorn fillet. uncooked - Quorn - Marlow Foods Ltd;5.9;0;0;400;0;12.6;1.8
Quorn minced. uncooked - Quorn - Marlow Foods Ltd;5.5;0;0;500;0;13;0.5
Quorn pieces. uncooked - Quorn - Marlow Foods Ltd;5.8;0;0;300;0;14;1.3
Sausage seitan bio - Lima - Lima N.V.;17.4;0;0;0;0;22;0
Seitan bio in glass jar - Lima - Lima N.V.;4.1;58;0;450;0;21.3;2
Seitan gourmet grill bio - Lima - Lima N.V.;6.2;0;0;500;0;19.1;0.5
Seitan gourmet original bio - Lima - Lima N.V.;6;0;0;400;0;17.5;0.4
Seitan gourmet spelt bio - Lima - Lima N.V.;6.4;0;0;400;0;18.6;0.2
Seitan nature bio - Lima - Lima N.V.;5.6;0;0;360;0;26.7;0.7
Silky tofu. organic - Céréal Bio - 44Nutrition & Santé Benelux nv/sa;1.4;0;0;12;0;5.2;0.9
Smoked tempeh bio - Lima - Lima N.V.;2.5;0;0;300;0;21.7;0.4
Tempeh;1.3;402;243;250;0;19;0.6
Tempeh nature bio - Lima - Lima N.V.;1.9;400;260;200;0;16.7;0.3
Tofu;2;67;130;2;0;13.5;0.5
Tofu nature 250g - Céréal Bio - 44Nutrition & Santé Benelux nv/sa;1;0;0;4;0;15;0.5
Tofu nature bio - Lima - Lima N.V.;3.7;0;0;0;0;15.7;0
Tofu wok mariné à l'orientale bio - Lima - Lima N.V.;1;0;0;610;0;17.8;0
Tofu. pre-fried;2.9;129;213;520;0;17.2;0.7
Tofu-wok mariné bio - Lima - Lima N.V.;1;0;0;610;0;17.8;0
Vegan burger with soya;5.6;0;0;420;0;14;2
Vegan burger with vegetable proteins;15.5;128;28;450;0;9.6;1.1
Vegan burger without soya;26;123;116;336;0;6;1.7
Veggie burger with soya;5.7;413;155;653;0;16.3;2.7
Veggie burger with vegetable proteins;21.5;139;156;400;0;9;1
Veggie burger without soya;32;189;219;432;0;10.2;0.5
Alaska Pollock;0;216;376;220;0;16.8;0
Alaska pollock Sea Fresh - Iglo - Iglo Belgium SA/NV;0;0;376;220;0;16.9;0
Anchovy;0;278;233;148;0;20.1;0
Atlantic salmon Sea Fresh Suprême - Iglo - Iglo Belgium SA/NV;0;0;240;60;0;20;0
Atlantishe Cod fillet 465g - Iglo - Iglo Belgium SA/NV;0;340;180;250;0;17;0
Brill without skin;0.1;357;180;90;0;20;0.1
Butterfish;0;375;240;89;0;18.3;0
Caalfish MSC - Iglo - Iglo Belgium SA/NV;0;0;0;0;0;21;0
Carp;0;306;216;100;0;18;0
Carpaccio of natuur salmon - Carrefour - Carrefour Belgium;0.1;0;0;40;0;19.9;0
Clam;2.8;314;107;56;0;9.2;0
Cod;0;380;180;67;0;16.4;0
Cod fillet 4x - Iglo - Iglo Belgium SA/NV;0;340;180;180;0;17;0
Cod Sea Fresh 400g - Iglo - Iglo Belgium SA/NV;0;0;180;80;0;17.4;0
Conger;0;278;187;173;0;19;0
Crab. Alaska King. raw;0;204;219;836;0;18.3;0
Cuttlefish;0;273;143;110;0;16;0
Dab;0;298;260;80;0;17.4;0
Fish. fat. raw;0;374;0;80;0;18.3;0
Fish. lean. raw;0;315;199;80;0;17.4;0
Fish. mid-fat. raw;0;394;244;81;0;18.2;0
Freshwater crayfish;0;260;226;253;0;16;0
Freshwater eel;0;281;234;41;0;15;0
Frog's legs;0;310;147;55;0;14.5;0
Frog's legs 23/33 frozen - Delhaize - Delhaize groupe;0;0;0;100;0;16.4;0
Gilthead sea bream;0;474;244;33;0;19.7;0
Gray North Sea shrimp 125g - Carrefour - Carrefour Belgium;0;0;0;760;0;20;0
Gray plaice medallion - Carrefour Sélection - Carrefour Belgium;0.8;0;0;0;0;15.7;0
Haddock;0;357;203;98;0;18.2;0
Halibut. Atlantic;0;412;202;71;0;20.1;0
Halibut. Greenland;0;308;187;40;0;13.2;0
Herring;0;381;284;594;0;18;0
Herring. young;0;284;260;1051;0;18;0
Lemon sole;0;0;0;0;0;17.4;0
Ling;0;315;198;61;0;18.4;0
Lobster;0;260;234;270;0;18.2;0
Mackerel;0;380;244;80;0;18.7;0
Monkfish;0;297;225;180;0;15.5;0
Monkfish fillets Sea Fresh - Iglo - Iglo Belgium SA/NV;0;0;140;120;0;15;0
Nile perch;0;316;198;154;0;19.1;0
North Sea shrimp 200g - Carrefour Discount - Carrefour Belgium;0.4;0;0;632;0;19.5;0.3
Norway lobster;0.8;213;144;341;0;19.6;0
Oyster;4.2;250;157;290;0;10.2;0
Oyster. creuse;3.9;156;135;211;0;7.1;0
Pacific red salmon Sea Fresh - Iglo - Iglo Belgium SA/NV;0;0;230;70;0;21.1;0
Pangasius raw - Iglo - Iglo Belgium SA/NV;0;293;166;204;0;14.9;0
Peeled shrimp - La Caldera - Lidl Belgium GmbH;0.5;0;0;800;0;20;0
Pike;0;300;192;100;0;18.4;0
Pike perch;0;391;194;24;0;19.2;0
Plaice;0;326;200;120;0;13.4;0
Pout whiting;0.2;339;160;95;0;17.8;0.2
Praws Sea Fresh - Iglo - Iglo Belgium SA/NV;0;0;0;488;0;13;0
Ray;0;300;240;100;0;20.7;0
Ray. wings;0;0;0;0;0;22;0
Redfish;0;300;200;81;0;18.2;0
Saithe Pollock;0;440;170;40;0;17.2;0
Salmon trout;0;394;311;42;0;21.4;0
Salmon with skin;0;372;268;45;0;18.4;0
Salmon. raw;0;374;211;34;0;18;0
Sandy dogfish;0.2;223;150;120;0;21.4;0.2
Sardines;0;375;258;100;0;19.4;0
Scallop;3;420;208;150;0;15;0
Scallops 400g - Carrefour Sélection - Carrefour Belgium;3;0;0;398;0;15;0
Sea bream;0;307;223;81;0;18.7;0
Shrimp tails. raw. easy - Carrefour - Carrefour Belgium;0;0;0;300;0;12.2;0
Shrimp tails. raw. unshelled - Carrefour - Carrefour Belgium;0;0;0;300;0;12.2;0
Snail. escargot;2;382;272;70;0;16;0
Sole;0;353;200;98;0;17.5;0
Supreme of cod Sea Fresh - Iglo - Iglo Belgium SA/NV;0;0;180;80;0;17.4;0
Surimi;9.8;97;282;604;0;7.4;1.6
Swordfish;0;486;506;87;0;18.1;0
Tench;0;400;207;33;0;18;0
Tiger prawn tails - Carrefour - Carrefour Belgium;0;0;0;200;0;13.5;0
Tiger prawns. raw. extra - Carrefour - Carrefour Belgium;0.4;0;0;92;0;18.7;0
Trout;0;365;226;50;0;18.4;0
Tub gurnard;0.1;398;200;52;0;19.3;0.1
Tuna;0;425;200;46;0;27.4;0
Turbot;0;290;159;114;0;16.7;0
Whiting;0;360;183;115;0;17.4;0
Wolf fish;0;282;179;76;0;17.6;0
Anchovies fillets rolled in olive oil 47g - Violet - Bisschops - Verachter NV- SA;0;0;0;0;0;20;0
Anchovies fillets salted in olive oil - IMPERIAL - Sopralex & Uwmerken N.V.;0;0;0;4700;0;20;0
Anchovies fillets stretched in soya oil 365g/790g - Violet - Bisschops - Verachter NV- SA;0;0;0;0;0;20;0
Anchovies stretched in olive oil 50g - La Chasse - Bisschops - Verachter NV- SA;0;0;0;0;0;20;0
Anchovies. strips. olive oil - Delhaize - Delhaize groupe;0;0;0;1440;0;20;0
Anchovy canned in oil;0;184;174;4562;0;20;0
Anchovy fillets in olive oil - IMPERIAL - Sopralex & Uwmerken N.V.;0.4;0;0;6000;0;23;0.3
Anchovy fillets in olive oil in glass jar - IMPERIAL - Sopralex & Uwmerken N.V.;0;0;0;470;0;25;0
Anchovy fillets in spicy sauce - IMPERIAL - Sopralex & Uwmerken N.V.;0;0;0;470;0;20;0
Anchovy fillets provençal style - IMPERIAL - Sopralex & Uwmerken N.V.;0;0;0;470;0;25;0
Anchovy fillets rolled with capers in olive oil - IMPERIAL - Sopralex & Uwmerken N.V.;0;0;0;470;0;20;0
Anchovy fillets rolled with capers in olive oil in glass jarr - IMPERIAL - Sopralex & Uwmerken N.V.;0;0;0;470;0;20;0
Anchovy marinaded in oil - IMPERIAL - Sopralex & Uwmerken N.V.;0;184;207;1140;0;20.2;0
Anchovy paste - IMPERIAL - Sopralex & Uwmerken N.V.;0;0;0;60;0;20;0
Anchovy skewers - Carrefour - Carrefour Belgium;1.3;0;0;1560;0;15.3;0.3
Caviar. substitute;1;68;83;2054;0;11.2;1
Crab canned in brine;0;9;140;482;0;17;0
Crab extra - IMPERIAL - Sopralex & Uwmerken N.V.;1;0;0;500;0;11;0
Crab fancy king without cartilage - IMPERIAL - Sopralex & Uwmerken N.V.;0;0;0;430;0;17.5;0
Crab. fancy queen - IMPERIAL - Sopralex & Uwmerken N.V.;0.3;0;0;550;0;18;0.3
Crabmeat natural 1885g - Violet - Bisschops - Verachter NV- SA;0.2;0;0;600;0;18.6;0
Fancy white tuna in olive oil - IMPERIAL - Sopralex & Uwmerken N.V.;0;297;294;286;0;24.7;0
Haddock liver. slightly smoked - IMPERIAL - Sopralex & Uwmerken N.V.;1;0;0;60;0;4.5;0
Herring fillet in vinegar - Carrefour Discount - Carrefour Belgium;1;0;0;80;0;13;0.5
Herring fillet in vinegar 200G - Carrefour - Carrefour Belgium;1;0;0;1110;0;13;0.5
Herring fillets with vinegar 180g - Carrefour - Carrefour Belgium;1;0;0;1110;0;13.4;0.5
Herring fillets with vinegar in preserving jar - Carrefour - Carrefour Belgium;6.4;0;0;750;0;16.5;6.4
King Crab without cartilage 190g/350g - Violet - Bisschops - Verachter NV- SA;0.9;0;0;0;0;17.7;0
Kippers. smoked. in olive oil and brine - IMPERIAL - Sopralex & Uwmerken N.V.;0;0;0;0;0;21.6;0
Lobster Wild. Canada - IMPERIAL - Sopralex & Uwmerken N.V.;0.2;0;0;340;0;21;0
Mackerel fillets in brine - Feuille D'Or - Norway Foods (Europe);0;0;0;551;0;19;0
Mackerel fillets in brine - IMPERIAL - Sopralex & Uwmerken N.V.;0;0;0;120;0;27.2;0
Mackerel fillets in chili tomato sauce - Feuille D'Or - Norway Foods (Europe);3.9;0;0;389;0;14.3;2.8
Mackerel fillets in chilli sauce - IMPERIAL - Sopralex & Uwmerken N.V.;2.4;0;0;87;0;14.1;2.3
Mackerel fillets in curry sauce - Feuille D'Or - Norway Foods (Europe);3.2;0;0;708;0;14;2.3
Mackerel fillets in Dijon mustard sauce with withe wine - IMPERIAL - Sopralex & Uwmerken N.V.;1.6;0;0;105;0;12.4;1.4
Mackerel fillets in highly seasoned sauce 125g - La Chasse - Bisschops - Verachter NV- SA;0;0;0;386;0;21.7;0
Mackerel fillets in mustard sauce - Feuille D'Or - Norway Foods (Europe);2.8;0;0;708;0;15;2.2
Mackerel fillets in olive oil 90g/125g - La Chasse - Bisschops - Verachter NV- SA;0;0;0;386;0;21.7;0
Mackerel fillets in onion and tomato sauce - Feuille D'Or - Norway Foods (Europe);4.6;0;0;477;0;12.8;1.9
Mackerel fillets in pure fish oil - Feuille D'Or - Norway Foods (Europe);0;0;0;411;0;20;0
Mackerel fillets in soya oil 2000g - Violet - Bisschops - Verachter NV- SA;2;0;0;500;0;16;1
Mackerel fillets in tarragon sauce - Feuille D'Or - Norway Foods (Europe);2.8;0;0;660;0;15;1.9
Mackerel fillets in tomato ketchup - IMPERIAL - Sopralex & Uwmerken N.V.;9.1;0;0;60;0;14.3;7.3
Mackerel fillets in tomato sauce - IMPERIAL - Sopralex & Uwmerken N.V.;1;0;0;360;0;27;0
Mackerel fillets marinated in white wine - IMPERIAL - Sopralex & Uwmerken N.V.;0;0;0;390;0;15.3;0
Mackerel fillets. in olive oil - IMPERIAL - Sopralex & Uwmerken N.V.;0.6;0;0;280;0;18.7;0.5
Mackerel in tomato sauce and basil - Delhaize - Delhaize groupe;2.7;288;150;460;0;15.7;1.7
Mackerel. canned in brine;0;339;0;336;0;24.2;0
Mackerel. canned in oil;0;279;162;386;0;20.5;0
Mackerel. canned in tomato sauce;3;288;150;425;0;15;1.9
Mackerelfilet in old mustard sauce - Delhaize - Delhaize groupe;0;0;0;590;0;13.8;0
Mackerelfillets in olive oil. from Portugal - IMPERIAL - Sopralex & Uwmerken N.V.;0;0;0;300;0;27;0
Octopus salad in vegetable oil - IMPERIAL - Sopralex & Uwmerken N.V.;6.4;0;0;710;0;11.6;0
Pilchard canned in tomato sauce;0.7;272;248;504;0;15;0.6
Pilchards in tomato sauce - IMPERIAL - Sopralex & Uwmerken N.V.;0.5;234;248;509;0;18;0
Rollmops with vinegar - Carrefour - Carrefour Belgium;1.7;0;0;845;0;13;0.5
Rollmops with vinegar in preserving jar - Carrefour - Carrefour Belgium;7.7;0;0;690;0;10.9;7.5
Rolls of herring. nature - Carrefour - Carrefour Belgium;16.2;0;0;910;0;10.2;16.2
Salmon extra pink Pacific - Delhaize - Delhaize groupe;0;0;0;500;0;16.3;0
Salmon pink without skin and without bones canned - Delhaize - Delhaize groupe;0;0;0;360;0;19;0
Salmon slice in brine - IMPERIAL - Sopralex & Uwmerken N.V.;0.5;0;0;130;0;21.9;0
Salmon. canned in brine;0;332;292;470;0;19.5;0
Sardine in olive oil - IMPERIAL - Sopralex & Uwmerken N.V.;0;417;0;228;0;24;0
Sardine with basil in vegetable oil - IMPERIAL - Sopralex & Uwmerken N.V.;3;0;0;630;0;20.2;0.5
Sardines canned in oil;0;382;347;221;0;24;0
Sardines canned in tomato sauce;0.5;335;420;350;0;18;0.3
Sardines in brine - IMPERIAL - Sopralex & Uwmerken N.V.;0;0;0;100;0;20.6;0
Sardines in highly seasoned sauce 120g - La Chasse - Bisschops - Verachter NV- SA;0;0;0;400;0;20;0
Sardines in hot peppers and sunfloweroil - Delhaize - Delhaize groupe;0;0;0;510;0;23;0
Sardines in olive oil - IMPERIAL - Sopralex & Uwmerken N.V.;0;0;430;220;0;20;0
Sardines in olive oil 90g/125g - La Chasse - Bisschops - Verachter NV- SA;0;0;0;220;0;24;0
Sardines in olive oil boneless. skinless - Delhaize - 365 - Delhaize groupe;0;0;0;400;0;23.2;0
Sardines in olive oil boneless. skinless 105g - La Chasse - Bisschops - Verachter NV- SA;0;0;0;220;0;24;0
Sardines in tomato sauce - IMPERIAL - Sopralex & Uwmerken N.V.;1;0;0;220;0;18;0
Sardines in tomato sauce 105g - La Chasse - Bisschops - Verachter NV- SA;0;0;0;350;0;18;0
Sardines skinless and boneless in olive oil - IMPERIAL - Sopralex & Uwmerken N.V.;0;0;0;220;0;26;0
Shrimp. Tiny - IMPERIAL - Sopralex & Uwmerken N.V.;0.9;0;0;575;0;14.1;0
Slice of tuna Yellowfin in brine - IMPERIAL - Sopralex & Uwmerken N.V.;24;316;190;254;0;24.5;0
Tuna canned in brine;0;316;308;363;0;24.2;0
Tuna canned in oil;0;233;354;400;0;25.5;0
Tuna filets ventresca in olive oil - IMPERIAL - Sopralex & Uwmerken N.V.;0.1;0;0;461;0;26.8;0
Tuna in brine 200g/2900g - Violet - Bisschops - Verachter NV- SA;0;0;0;0;0;23.5;0
Tuna in soya oil 200g/3000g - Violet - Bisschops - Verachter NV- SA;0;0;0;0;0;27.1;0
Tuna slice yellowfin in olive oil - IMPERIAL - Sopralex & Uwmerken N.V.;27.5;0;0;272;0;23.3;0
Tuna steak yellowfin in brine - IMPERIAL - Sopralex & Uwmerken N.V.;47.5;0;0;254;0;25.3;0
Tuna white in olive oil - IMPERIAL - Sopralex & Uwmerken N.V.;0;0;0;280;0;25;0
Tuna with vegetables - IMPERIAL - Sopralex & Uwmerken N.V.;6.3;0;0;369;0;13;4.2
Tuna yellowfin in brine - IMPERIAL - Sopralex & Uwmerken N.V.;0.5;0;425;300;0;21;0
Tuna yellowfin in olive oil - IMPERIAL - Sopralex & Uwmerken N.V.;0;0;294;300;0;26;0
UIT GAMMA King crab - Carrefour Sélection - Carrefour Belgium;0.2;0;0;380;0;21.4;0
Wild pacific salmon extra fancy pink - IMPERIAL - Sopralex & Uwmerken N.V.;0;332;296;360;0;21;0
Wild pacific salmon red - IMPERIAL - Sopralex & Uwmerken N.V.;0;0;292;460;0;21;0
Wild salmon pacific coho medium red - IMPERIAL - Sopralex & Uwmerken N.V.;0;0;0;460;0;19;0
Wild salmon pacific without skin or bones - IMPERIAL - Sopralex & Uwmerken N.V.;0;0;0;480;0;19;0
Alaska hake fillet meunière - Carrefour - Carrefour Belgium;11.5;0;0;461;0;13;1.4
Alaska pollack. breaded - Carrefour - Carrefour Belgium;17;0;0;349;0;11;0.5
Alaska pollock with grated potato - Carrefour - Carrefour Belgium;12;0;0;348;0;7.9;0.4
Anchovies oriental style - Carrefour - Carrefour Belgium;0.6;0;0;804;0;20;0.6
Anchovies with garlic - Carrefour - Carrefour Belgium;5;0;0;664;0;20;5
Anchovies. anchovy straight strips in olive oil - Carrefour - Carrefour Belgium;0;0;0;5680;0;26;0
Bites of herring. curry-mango sauce - Carrefour - Carrefour Belgium;8.1;0;0;520;0;6.7;7.9
Breaded cod fillet - Carrefour - Carrefour Belgium;19;0;0;200;0;13;1.4
Breaded cod fillets - Iglo - Iglo Belgium SA/NV;9;0;146;260;0;15;0.6
Burger cod - Carrefour Discount - Carrefour Belgium;18.1;0;0;484;0;12.1;0.5
Calamari salad - Carrefour - Carrefour Belgium;2.4;0;0;700;0;6.3;2.4
Coalfish. Breaded Alaska coalfish 400g - Iglo - Iglo Belgium SA/NV;25;0;0;0;0;12;1.1
Cockle meat. cooked;3.2;248;110;999;0;12.3;0.2
Cod fish & chips - Carrefour - Carrefour Belgium;12;0;0;393;0;14;0.5
Cod. cooked;0;310;330;100;0;23;0
Conger. smoked;0;218;260;626;0;17.9;0
"Cooked and peeled shrimp ""extra"" - Carrefour - Carrefour Belgium";0;0;0;960;0;18;0
"Cooked and peeled shrimp ""jumbo"" - Carrefour - Carrefour Belgium";0;0;0;960;0;18;0
Cooked mussels. in vinegar - Carrefour - Carrefour Belgium;2.2;0;0;372;0;17.2;0
Cooked peeled North Sea shrimps - Carrefour - Carrefour Belgium;0;0;0;760;0;20;0
Cooked peeled North Sea shrimps 100g - Carrefour Sélection - Carrefour Belgium;0;0;0;760;0;20;0
"Cooked peeled shrimp ""with tail"" - Carrefour - Carrefour Belgium";0;0;0;960;0;18;0
Cooked salmon salad - Carrefour - Carrefour Belgium;4;0;0;320;0;15;2
Crab salad - Carrefour - Carrefour Belgium;4;0;0;480;0;9.3;1.3
Crab. Alaska King. boiled;0;262;280;1072;0;19.4;0
Crayfish salad - Carrefour - Carrefour Belgium;7.4;0;0;700;0;5.5;4.5
Dab Fillet meunière - Carrefour - Carrefour Belgium;13;0;0;477;0;12;1.4
Discs of squid. pre-fried;19;230;160;194;0;9.6;0.2
Fish casserole à l'ostendaise with shrimps - Carrefour - Carrefour Belgium;3.4;0;0;524;0;10.2;1.5
Fish Filet Burgers - Iglo - Iglo Belgium SA/NV;21;0;0;80;0;12.3;0.6
Fish fillet in a crust. Crispino - Iglo - Iglo Belgium SA/NV;17;0;0;430;0;12;1
Fish fillet super crispy - Iglo - Iglo Belgium SA/NV;18;0;0;0;0;12;1.4
Fish fillets. baked salt & vinegar Ocean cuisine - Iglo - Iglo Belgium SA/NV;17.8;0;0;640;0;11.5;0.4
Fish fillets. fried classic Ocean cuisine - Iglo - Iglo Belgium SA/NV;18.5;0;0;0;0;11.7;0.4
Fish fillets. light gepanneerd parsley Ocean cuisine - Iglo - Iglo Belgium SA/NV;9.1;0;335;300;0;15;0.4
Fish fillets. lightly breaded mustard and herbs Ocean Cuisine - Iglo - Iglo Belgium SA/NV;7.4;0;335;470;0;15;0.6
Fish fillets. lightly breaded rosemary and lemon Ocean Cuisine - Iglo - Iglo Belgium SA/NV;8.6;0;0;400;0;15;0.5
Fish gratin spinach and tomatoes Ocean Cuisine - Iglo - Iglo Belgium SA/NV;5.5;0;0;370;0;10.7;1.6
Fish gratin vegetables and mozzarella Ocean Cuisine - Iglo - Iglo Belgium SA/NV;5.5;0;0;420;0;9.6;1.5
Fish nuggets MSC - Iglo - Iglo Belgium SA/NV;21;0;0;520;0;9.4;0.6
Fish sticks Alaska pollak - Iglo - Iglo Belgium SA/NV;18;0;160;430;0;13;0.8
Fish sticks barbecue flavor - Iglo - Iglo Belgium SA/NV;18;0;0;440;0;13;1.6
Fish sticks omega-3 - Iglo - Iglo Belgium SA/NV;18;0;0;300;0;13;0.8
Fish sticks Salmon - Iglo - Iglo Belgium SA/NV;20.5;0;0;300;0;13.4;1.3
Fish sticks super crispy - Iglo - Iglo Belgium SA/NV;20;0;0;270;0;11;0.7
Fishstick wholemeal - Iglo - Iglo Belgium SA/NV;15;0;0;0;0;14;1
Fishstick. breaded. pre-fried. fried;27;210;201;814;0;13.2;0
Fishstick. breaded. pre-fried. frozen;16;257;142;454;0;12.5;1.4
Freshwater eel. smoked;0;193;204;529;0;18;0
Gray shrimp croquettes 150g - Carrefour - Carrefour Belgium;16;0;0;384;0;10.3;1.7
Halibut. Greenland. smoked;0;326;171;1565;0;18.5;0
Halibut. smoked - Carrefour - Carrefour Belgium;0;0;0;1120;0;13.4;0
Haring Filets Macedonia - Carrefour - Carrefour Belgium;5.4;0;0;546;0;7.4;2.2
Herring rolls with curry sauce - Carrefour - Carrefour Belgium;11;0;0;700;0;9;11
Herring Fillets in mayonnaise - Carrefour - Carrefour Belgium;9.5;0;0;713;0;7.5;4.1
Herring fillets in tartar sauce - Carrefour - Carrefour Belgium;1;0;0;1010;0;9;1
Herring rolls. chili - Carrefour - Carrefour Belgium;15.9;0;0;850;0;10.7;15
Herring rolls. Danish beetroot sauce - Carrefour - Carrefour Belgium;9;0;0;530;0;1307;9
Herring rolls. dill sauce - Carrefour - Carrefour Belgium;11.4;0;0;710;0;6.6;9
Herring rolls. exotic - Carrefour - Carrefour Belgium;15.1;0;0;870;0;9.8;14.7
Herring rolls. red beet sauce - Carrefour - Carrefour Belgium;9;0;0;530;0;6;9
Herring rolls. sherry - Carrefour - Carrefour Belgium;28.2;0;0;620;0;11;27
Herring rolls. yogurt sauce - Carrefour - Carrefour Belgium;8.7;0;0;610;0;7.8;8.7
Herring snacks dill - Carrefour - Carrefour Belgium;15;0;0;880;0;10.3;15
Herring. smoked;0;326;305;518;0;22.2;0
Herrings rolls. chili and oil - Carrefour - Carrefour Belgium;16;0;0;850;0;12;16
King crab salad - Carrefour - Carrefour Belgium;2.7;0;0;680;0;10;1.1
Kombinos Spinach - Iglo - Iglo Belgium SA/NV;15.5;0;0;0;0;12;1.7
Kombino's tomato and mozzarella - Iglo - Iglo Belgium SA/NV;16;0;160;370;0;13;2.1
Kombino's with Broccoli - Iglo - Iglo Belgium SA/NV;15.8;0;160;420;0;12;1.9
Kombinos with cheese & herbs - Iglo - Iglo Belgium SA/NV;16;0;160;390;0;13;1.4
Lobster. boiled;0;350;185;440;0;19.6;0
purslane semizotu;1;800;70;30;0;1;1
Table sweetener, powder/stok - Tagatesse - Damhert - 6Damhert Nutrition NV/SA;79.8;0;0;0;0;0;39.9
Drink, almond original - Alpro - Alpro Comm VA;2.4;18;68;56;0;0.4;2.4
Quiks potato sweet raw;19;235;53;45;0.01;2;1
Quiks potato sweet boiled x2;19;165;53;45;0.01;2;1
Sutlac Mayıs 2020;26.7738103756708;53.9821109123435;137.374597495528;92.8558139534884;0;2.02103756708408;7.93109123434705
Cebel az tuzlu siyah zeytin;0;8;0;1080;2.7;0;0
Cebel az tuzlu yesil zeytin;0;42;0;1640;4.1;0;4.1
Tukas Corn Can 135 gr;23;250;90;200;0.5;3;8
Tukas Corn Can 135 gr 2x boiled;23;175;90;100;0.25;3;8
Pilav 22 Mayis;7.38;22.19;17.09;108.35;0.26;0.77;0.48
Lentils, coral red, bio, cooked;12.8;171;100;17;0.0425;9.5;0
Leek, traditional boiled;5.4;294;40;6;0.015;1;5.4
Lentils, coral red, bio, dried;41.5;960;360;4;0.01;29;2.2
Mercimek 22 Mayis;11.301;261.43;98.038;175.381;0.438;7.897;0.599
Leek;8.6;392;30;8;0.02;1;8.6
Pirasa 22 Mayis;13.99;638.057;48.83;13.021;0.03;1.627;13.998
Green Bean;4.5;278;50;1;0.0025;2.8;3.4
fasulye;7.6703;497.7809;79.80412;25.5695;0.0546;4.2804;6.03762
Nectarine;8.1;218;23;0;0;0.6;7.6
Misir ekmegi 13 haziran;39;105;142;55.284;0.039;6.665;1.504
Pine kernel (cam fistik);5;597;575;2;0.005;13.7;3.6
Dolma 17 Haziran tanesi;14;201;54;19.79;0.038;2.28;2.097
Mercimek 17 haz;10;226;85;1;0.002;7;0.5
kabak 17 haz;6;581;84;26;0.042;3.4;5.19
